<?xml version="1.0" ?>
<root>
  <phrase>﻿Les propositions du groupe d'études de l’I.N.S.E.E.</phrase>
  <phrase>sur les limites de l'agglomération parisienne permettent de bien augurer de la conclusion de ses travaux, dont l'objet est une définition unique de l'agglomération.</phrase>
  <phrase>Toutefois, certaines communes situées sur les "franges" de l'agglomération sont encore susceptibles d'être discutées.</phrase>
  <phrase>Tel est le cas du secteur Nord (GONESSE, ARNOUVILLE-les-GONESSE, VILLIERS-le-BEL, ECOUEN, EZANVILLE, DOMONT, PISCOP, et St-BRICE).</phrase>
  <phrase><lieu type="loc" n="1">Dans la plupart de ces communes</lieu>, <lieu type="obj" n="1">des immeubles d'habitations</lieu> <dyn n="1">ont été édifiés</dyn> <tps n="1">depuis quelques années</tps>, ce qui pourrait laisser supposer que <dyn n="2">l'urbanisation de <lieu type="obj" n="2">ce secteur</lieu></dyn> sera encore développée <tps n="2">dans l'avenir</tps>.</phrase>
  <phrase>En fait, dans le cadre de la politique générale de <dyn n="1">l'organisation de <lieu type="obj">la Région Parisienne</lieu></dyn>, <perc n="2">il apparaît souhaitable de limiter</perc> <dyn n="2">ce développement</dyn> pour diverses raisons.</phrase>
  <phrase>Le tracé de <dyn>la future <lieu type="obj">route interurbaine de Seine-et-Oise</lieu></dyn> <lieu type="loc">entre l’agglomération parisienne et la "plaine de France"</lieu> résulte de la volonté de bien marquer une séparation entre une zone d'économie urbaine indiscutable et une région dont le caractère encore rural ou peu urbanisé doit être maintenu.</phrase>
  <phrase><perc n="1+2">Si l'on estime nécessaire</perc> de <dyn n="1">développer <lieu type="obj" n="1">de nouveaux quartiers</lieu></dyn>, voire de <dyn n="2">créer <lieu type="obj" n="2">une ville nouvelle</lieu></dyn> <lieu type="loc" n="1+2">dans cette partie de la Région Parisienne</lieu>, il est préférable de les envisager <lieu type="loc" n="3">au Sud de l'Interurbaine</lieu> où <lieu type="obj" n="3">de nombreux espaces</lieu> <dyn n="3">restent encore libres</dyn> (et à fortiori dans l'hypothèse proposée au <doc n="4">P.A.D.O.G.</doc> du <dyn n="4">déplacement de <lieu type="obj" n="4">l'aérodrome du Bourget</lieu></dyn> <lieu type="loc" n="4">vers le Nord-Est</lieu>).</phrase>
  <phrase>Cette solution permettrait en effet, de <dyn>construire <lieu type="obj">ces nouveaux quartiers</lieu></dyn> <lieu type="loc">plus près du centre de l'agglomération</lieu>, alors qu'au delà de l'interurbaine, dans la Plaine de France (du côté de VILLIERS-le-BEL et d'ECOUEN), on infligerait aux habitants des migrations alternantes, onéreuses et fatigantes.</phrase>
  <phrase>Par ailleurs, <dyn>l’implantation de <lieu type="obj">grands collectifs</lieu></dyn> <perc>se justifie beaucoup plus</perc> <lieu type="loc">dans des secteurs déjà fortement urbanisés</lieu> qu’en pleine campagne.</phrase>
  <phrase><perc n="1">Il est donc indispensable d’éviter</perc> que <lieu type="obj" n="1"><dyn n="2">ces nouveaux centres urbains</dyn></lieu> <dyn n="1">viennent se souder</dyn> <lieu type="loc">à l’agglomération parisienne dans ce secteur</lieu> dont de vastes espaces sont particulièrement favorables à l’agriculture.</phrase>
  <phrase>L’inclure dans l'agglomération en raison des <lieu type="obj" n="1">immeubles d‘habitations</lieu> qui <dyn n="1">ont été construits</dyn> <perc n="2">risquerait de consacrer</perc> comme <dyn n="2">une urbanisation de fait</dyn> ce qui n’est en réalité qu’<perc n="2">un épisode discutable de la politique du logement dans la Région Parisienne</perc>.</phrase>
  <phrase>Par contre, ce secteur s’inscrirait sans discussion dans la "zone d’attraction".</phrase>
</root>
