<?xml version="1.0" ?>
<root>
  <phrase>﻿Autoportrait</phrase>
  <phrase>Le paysage: une expérience pour <dyn nature="crea">construire <lieu type="obj">la ville</lieu></dyn></phrase>
  <phrase>Une part importante de mon travail et de mes réflexions se situe désormais aux limites des territoires de la ville et de la campagne ou, plus largement, du paysage : à la mitoyenneté, aujourd’hui conflictuelle, entre ces deux mondes qui s’ignorent et se repoussent, alors que se formuleront précisément là, demain, les projets de réconciliation que je souhaite.</phrase>
  <phrase>J’ai, maintenant, acquis la conviction que la connaissance et la pratique du projet sur le paysage et, notamment, sur la « campagne », peuvent être utiles à la réflexion et aux <dyn accompli="non" n="1">projets sur <lieu type="obj">le territoire de la ville contemporaine</lieu>, c’est-à-dire sur <lieu type="obj">la périphérie</lieu>, sur <lieu type="obj">la « suburbanité »</lieu></dyn>.</phrase>
  <phrase>J’ai forgé lentement cette conviction au long d’un parcours fait de rencontres, de projets et de ruptures parfois.</phrase>
  <phrase>Les années d’initiation</phrase>
  <phrase>Elles commencent à l’École des Arts Décoratifs, dont je retiens deux apprentissages déterminants : la pratique et le goût du dessin, la pratique et le goût du « projet ».</phrase>
  <phrase>Pour aider au financement de mes études, j’ai travaillé deux ou trois ans chez un architecte d’intérieur, Bernard Rousseau.</phrase>
  <phrase>Ancien collaborateur de Le Corbusier et Charlotte Perriand, <act type="pers_ind" n="1+2">il</act> <dyn accompli="oui" nature="modif" n="1">transformait <lieu type="obj" n="1">des appartements</lieu></dyn> <dyn accompli="oui" nature="maint" n="2">en ne gardant que <lieu type="obj" n="2">l’enveloppe des murs</lieu> et <lieu type="obj" n="2">les structures porteuses</lieu></dyn>.</phrase>
  <phrase>À partir de dessins et de maquettes, chaque configuration de la cellule, chaque dimension, chaque meuble, chaque objet était « négocié » et retravaillé avec les futurs occupants.</phrase>
  <phrase>Avec lui, j’ai développé une exigence sur l’agencement, la mesure, la proportion, sur la référence au corps, car nous étions sous l’emprise formidable et stricte du « modulor ».</phrase>
  <phrase>Dans ce travail précis, qui visait à augmenter la capacité d’usage d’une enveloppe bâtie, à expérimenter tout le volume disponible, j’ai élaboré les premiers outils nécessaires à la traversée des échelles qui me seront utiles, plus tard, dans <dyn>le projet de <lieu type="obj">paysage</lieu></dyn>.</phrase>
  <phrase>À ce moment, j’ai compris que notre métier relevait davantage de <dyn nature="modif" n="1">la transformation</dyn> que de <dyn nature="crea" n="2">l’invention</dyn>, et que <dyn nature="crea" n="3">la conception</dyn> à partir du contexte <perc type="axiol" pol="pos" n="3">était décisive</perc> : « l’architecte n’invente pas, il transforme » dit Alvaro Siza.</phrase>
  <phrase>Je suis heureux de constater que la réflexion sur mon parcours incline ma mémoire à mettre au premier plan de mon expérience la question du logement, de l’habiter.</phrase>
  <phrase>J’entre ensuite comme salarié dans une équipe pluridisciplinaire, l’AUA , l’Atelier d’Urbanisme et d’Architecture, une société civile coopérative qui réunissait des urbanistes, des architectes, des décorateurs, des ingénieurs.</phrase>
  <phrase>Dès les premiers instants, et pour toujours, j’ai acquis la certitude que l’architecture, la ville seraient au centre de mes préoccupations.</phrase>
  <phrase>La ville, bien sûr, mais surtout la banlieue, car l’AUA était résolument installé dans, et travaillait pour, la banlieue.</phrase>
  <phrase>Peu de temps après mon arrivée, ma rencontre avec le paysagiste Jacques Simon, proche collaborateur de l’AUA , fut si fulgurante que notre association fut immédiate.</phrase>
  <phrase>Dans l’urgence, j’entre alors dans une nouvelle dimension que je ne quitterai plus : celle du Paysage.</phrase>
  <phrase>Simon est un personnage multiple.</phrase>
  <phrase>Son travail de cette époque l’apparente aux « naturalistes » allemands dont les projets figuraient dans la revue « Garten und Landschaft ».</phrase>
  <phrase>Fils de forestier, il acquis très jeune une grande connaissance du milieu vivant, des plantes, des arbres, dont il fait des dessins superbes.</phrase>
  <phrase>Photographe et voyageur, il rapporte des témoignages précis sur de très grandes villes et leurs banlieues.</phrase>
  <phrase>Avec une santé et une énergie considérable, il édite rédige et bricole lui-même une revue de paysage très éclectique.</phrase>
  <phrase>Avec lui, je conforte mon expérience des différentes échelles et des allers et retours nécessaires : de la minutie des objets – meubles ou cloisons – aux très grands espaces ouverts qu’il me fait découvrir.</phrase>
  <phrase>J’ai appris vite, et donc confusément d’abord, l’agencement des divers plans qui organisent les proches et les lointains et qui, de porosités en porosités, en fabriquent les horizons.</phrase>
  <phrase>Simon connaît la mesure qui le sépare de chaque chose, même la plus lointaine.</phrase>
  <phrase>Il tient ce don de son père qui, du sol, savait évaluer avec précision la taille des plus grands arbres.</phrase>
  <phrase>Il m’initia encore au passage qui va de l’espace au temps,...</phrase>
  <phrase>au temps que prennent <lieu type="obj" n="1+2">les choses du milieu</lieu> pour <dyn nature="crea" n="1">se constituer</dyn>, pour <dyn nature="modif" n="2">se transformer</dyn>.</phrase>
  <phrase>Je me souviens encore de son excitation au premier débourrement des saules marsault...</phrase>
  <phrase>Il y voyait le signe d’un printemps que l’on n’arrêterait plus.</phrase>
  <phrase>Simon, on le comprend, a définitivement incliné ma jeune trajectoire.</phrase>
  <phrase>Puis, je retourne à l’AUA où, comme associé cette fois, <act type="pers_ind">j</act>’ai réalisé <dyn accompli="non">les projets d’aménagement de <lieu type="obj">nombreux espaces extérieurs</lieu></dyn>.</phrase>
  <phrase>À la différence de ceux que nous faisions avec Simon, je ne travaillais plus sur des plans-masses achevés, je collaborais à leur établissement.</phrase>
  <phrase>Après Bernard Rousseau, l’AUA et Jacques Simon, le point de vue que j’avais alors était évidemment très différent de celui de mes confrères issus des écoles de paysage et, notamment, de celle de Versailles.</phrase>
  <phrase>Je leur reprochais leur manque d’intérêt et de culture pour la ville, où ils introduisaient tous les signes du démenti.</phrase>
  <phrase>Ils puisaient leur inspiration et leurs références dans l’idée qu’ils se faisaient de la « Nature » et collaboraient sans se poser de questions à l’idéologie des « espaces verts ».</phrase>
  <phrase>Voulant compenser les effets d’une urbanité trop dure, ils y introduisaient une violence supplémentaire.</phrase>
  <phrase>Autre élément fondateur pour moi : le numéro 87-88 de la revue Edilizia Moderna, intitulé « La forma del territorio », qui paraît en 1965.</phrase>
  <phrase>Un article de Vittorio Gregotti ouvrait les différentes rubriques, où des images d’urbanisme se mêlaient à des photos aériennes de grands territoires, naturels ou urbains, et à d’autres photos de paysage dont, le plus souvent, l’agriculteur était le maître d’œuvre.</phrase>
  <phrase>Gregotti disait, me semble-t-il, que « la géographie volontaire », l’agriculture, sont les formes premières de l’architecture et de la ville.</phrase>
  <phrase>Il dit, et de cela je suis sûr, que l’origine de l’architecture n’est pas la hutte, la cabane primitive mais la pierre dressée sur un champ.</phrase>
  <phrase>Une antichambre de la ville : le parc de la Villeneuve de Grenoble</phrase>
  <phrase>J’ai rencontré Henri Ciriani chez Gomis.</phrase>
  <phrase>Notre amitié fut immédiate, et je lui proposai de me rejoindre à l’AUA, au sein duquel nous formerons un peu plus tard, avec Borja Huidobro, le groupe « CCH, paysagistes urbains ».</phrase>
  <phrase>C’est <dyn accompli="oui">le projet du <lieu type="obj">quartier de l’Arlequin</lieu></dyn> <lieu type="loc">à la Villeneuve de Grenoble</lieu> qui nous occupe le plus.</phrase>
  <phrase><act type="pers_coll">Georges Loiseau et Jean Tribel, architectes à l’AUA</act>, conduisaient <dyn accompli="oui">cette opération</dyn>.</phrase>
  <phrase><act type="pers_coll">Nous</act> <dyn accompli="oui">devions en étudier <lieu type="obj">la « rue »</lieu> et <lieu type="obj">le parc au centre du quartier</lieu></dyn>.</phrase>
  <phrase>Ce projet revendiquait une forte densité, une grande continuité formelle du bâti.</phrase>
  <phrase>Il <dyn nature="crea"><perc type="autre">voulait</perc> créer <lieu type="obj"><res>de véritables espaces publics</res></lieu> : <lieu type="obj"><res>la rue</res></lieu>, <lieu type="obj"><res>le parc</res></lieu></dyn>, une distribution qui favorisait la mixité, l’intégration des équipements à partir de la rue.</phrase>
  <phrase>Il proposait la mise en place, dans les écoles, de nouvelles pédagogies.</phrase>
  <phrase>Il espérait réduire la ségrégation sociale.</phrase>
  <phrase>Cette utopie a, pour partie, fonctionné quelques années, puis s’est progressivement défaite.</phrase>
  <phrase>On peut critiquer, aujourd’hui, ce « grand ensemble » l’échec relatif de la rue désactivée par <dyn accompli="oui" nature="crea">l’arrivée du <lieu type="obj">grand centre commercial</lieu></dyn>, l’enfermement sur elle-même de cette forme urbaine singulière, coupée des quartiers voisins.</phrase>
  <phrase>Coupure qui, aujourd’hui, renforce les effets de ghetto que l’homogénéité sociale a progressivement initiée.</phrase>
  <phrase>Mais je n’ai plus jamais connu une telle intensité, une telle complémentarité de réflexions.</phrase>
  <phrase>Quant au <dyn>projet du <lieu type="obj">parc de vingt hectares de la Villeneuve</lieu></dyn>, il témoigne, le premier, de mon attachement à la campagne.</phrase>
  <phrase>J’écrivais alors : « Le choc entre géométrie et géographie préside bien à <dyn accompli="non" nature="crea" n="1">la conception du <lieu type="obj" n="1">parc de la Villeneuve</lieu></dyn> mais dans un ordre inversé <dyn n="2">des efforts qui ont façonné <lieu type="obj" n="2">la campagne</lieu></dyn>.</phrase>
  <phrase>La géométrie n’est pas, ici, la figure qui se déploie sur un fond, elle est le fond lui-même, le substrat, le site d’origine.</phrase>
  <phrase>Sur ces terrains, rigoureusement plans, enclos par l’architecture, dans l’espace de cette sorte de clairière se tissaient déjà les lignes qui vont et viennent de l’ombre épaisse des bâtiments.</phrase>
  <phrase>L’espace est chargé des traits de la ville et je n’ai eu qu’à <dyn n="1">les graver</dyn> <lieu type="loc" n="1">sur le sol</lieu>.</phrase>
  <phrase>Grenoble, parc de la Villeneuve « Pour bien exprimer que l’ordre qui préside à ces lieux est celui de la ville, les chemins et les arbres traversent l’espace en gardant leur alignement.</phrase>
  <phrase>Ils franchissent la forme des buttes soit pour la blesser, soit pour s’y soumettre, car c’est la campagne qu’ils doivent, à leur tour, évoquer ».</phrase>
  <phrase>Maîtrise d’ouvrage: agence d’urbanisme de la région Grenobloise Programme: parc urbain du quartier de l’Arlequin</phrase>
  <phrase>Maîtrise d’œuvre: AUA, CCH (Michel Corajoud, Henri Ciriani, Borja Huidobro)</phrase>
  <phrase>Échelle: 20 hectares</phrase>
  <phrase>Calendrier: 1966-1973</phrase>
  <phrase>Mais, à l’endroit du parc où s’épuisent leurs influences, au-delà des ombres portées, le sol allégé se gonfle, se soulève ; il déforme la résille par des bombements qui en intéressent chaque ligne.</phrase>
  <phrase>C’est donc la géographie qui est ici importée, mais une géographie qui ne peut être “nature”, parce que tendue par le champ urbain ».</phrase>
  <phrase>Le paysage naît de la tension de tous ces mondes d’évocation, et le parc exprime une volonté d’assumer <lieu type="obj" n="1">le monde</lieu> comme <dyn n="1">matière œuvrée par l’architecture</dyn>.</phrase>
  <phrase>Le repli ou le temps de la réflexion</phrase>
  <phrase>En 1972, la participation au concours d’Évry dope l’AUA.</phrase>
  <phrase>En dépit de la présence de Ricardo Bofill, appelé par Paul Chemetov, Henri Ciriani garde, jusqu’au bout, l’initiative du projet.</phrase>
  <phrase>Tout était exagéré dans ce concours, la taille de l’opération, la nature du programme qui, en plus enflé, ressemblait à celui de la Villeneuve de Grenoble et, enfin, la réponse que nous avons faite.</phrase>
  <phrase>C’était une méga-forme urbaine <dyn n="1">enveloppant littéralement <lieu type="obj" n="1">une rue gigantesque</lieu></dyn> qui, me semble-t-il, pouvait contenir une forme égale à celle de l’Arc de Triomphe : « Le monumental <dyn nature="repr" proces="iter" n="2"><perc type="autre" n="2">devait</perc> requalifier <lieu type="obj" n="2">l’Urbain</lieu></dyn> » disait Ciriani.</phrase>
  <phrase>En relisant, aujourd’hui, ma participation au texte du mémoire explicatif, je décèle sans peine, sous mes propos confus et mon style ampoulé, la faiblesse de mon engagement pour ce projet et l’écart que j’étais en train de faire.</phrase>
  <phrase>Je décide, peu après, un voyage en Afrique et quitte ainsi, sans le savoir, Ciriani et l’AUA définitivement.</phrase>
  <phrase>Suit une longue période, aussi inactive qu’intense: lecture, écriture, beaucoup d’enseignement..., une analyse...</phrase>
  <phrase>presque rien d’autre.</phrase>
  <phrase>Élancourt-Maurepas, le parc des Coudrays</phrase>
  <phrase>« <dyn accompli="oui" nature="crea" n="1">Réalisé</dyn> <tps axe_temp="pas" type="dur" n="1">dans les mêmes années</tps>, <lieu type="obj" n="1"><res n="1">le parc d’Élancourt-Maurepas</res></lieu> confirme le travail formel du parc de Grenoble, avec la particularité suivante: la ville nouvelle avait décidé que <dyn accompli="oui" nature="crea" n="2"><lieu type="obj" n="2"><res n="2">ce parc</res></lieu>, construit</dyn> <lieu type="loc" n="2">au beau milieu des champs</lieu>, devait être à l’origine de la forme urbaine du <dyn accompli="non" nature="crea" n="3"><lieu type="obj" n="3">quartier</lieu> à venir</dyn>.</phrase>
  <phrase>On nous a donc confié, en plus du parc, le plan d’urbanisme de cette partie de la ville nouvelle. »</phrase>
  <phrase>Maîtrise d’ouvrage: ville nouvelle de Saint-Quentin-en Yvelines</phrase>
  <phrase>Maîtrise d’œuvre: AUA, CCH (Michel Corajoud, Henri Ciriani, Borja Huidobro)</phrase>
  <phrase>Échelle: 8 hectares</phrase>
  <phrase>Calendrier: 1971-1974</phrase>
  <phrase>En tant qu’enseignant et théoricien d’une nouvelle pensée sur l’histoire et la nature du site, il est le vrai créateur de l’école française du paysage.</phrase>
  <phrase>Emili Donato, architecte-urbaniste (Barcelone)</phrase>
  <phrase>La dynamique du site : le Parc du Sausset</phrase>
  <phrase>Au milieu de l’année 1980, je m’associe avec Claire, devenue ma femme, qui est aussi paysagiste.</phrase>
  <phrase>Nous gagnons le concours d’un très grand parc de deux cents hectares, au Nord-Est de Paris.</phrase>
  <phrase>Il portait sur <dyn accompli="non" nature="crea" n="1">la création d’<lieu type="obj" n="1"><res n="1">un parc forestier</res></lieu></dyn>, destiné à <dyn accompli="non" nature="repr" proces="iter" n="2">réactualiser l’imaginaire des <dyn accompli="oui" nature="destr" n="3"><lieu type="obj" n="2,3">grandes forêts de Bondy et de Sevran</lieu>, en partie disparues</dyn></dyn>.</phrase>
  <phrase>Nul n’ignorant <dyn n="1">l’extrême lenteur de croissance d’<lieu type="obj" n="1">une forêt</lieu></dyn>, on destinait donc à des populations futures un parc pour lequel il était prématuré d’imaginer les usages.</phrase>
  <phrase>Il nous <dyn accompli="non" nature="crea" n="1"><perc type="autre" n="1">fallait</perc> concevoir <lieu type="obj" n="1">un enchaînement d’espaces « capables »</lieu></dyn>, très divers en tailles, en configurations et en qualités...</phrase>
  <phrase><lieu type="obj">une sorte de campagne bocagère et boisée</lieu> qui <dyn accompli="non" nature="crea" proces="progr">serait équipée progressivement</dyn>, à la demande.</phrase>
  <phrase>Dans cet extrême Ouest de la grande plaine céréalière de France, la présence de parcelles cultivées de blé ou de maïs, cadrée par d’énormes infrastructures, était considérable.</phrase>
  <phrase>Sous l’étendue céréalière, apparemment nue et plate, on pouvait cependant distinguer une topographie pleine de ressources et de puissance, qui a pris de l’amplitude et du corps dès les premiers dessins de notre projet.</phrase>
  <phrase><dyn accompli="non" proces="inch" n="1">Les travaux du <lieu type="obj" n="1">parc</lieu> ont commencé</dyn> <tps axe_temp="pas" absolu="oui" n="1">en 1982</tps> par <dyn accompli="oui" nature="crea" n="2">la plantation de <lieu type="obj" n="2">400 000 très jeunes arbres</lieu></dyn>.</phrase>
  <phrase><tps axe_temp="pres">Après vingt ans</tps>, ils <dyn accompli="non" proces="dur">ne sont <perc type="axiol">toujours pas</perc> terminés</dyn> !</phrase>
  <phrase><dyn accompli="non" n="1">Ce projet</dyn> <perc type="axiol" pol="pos" n="1">a joué un rôle considérable</perc> dans l’évolution de mon point de vue sur <dyn accompli="non" nature="crea" n="2">la conception des <lieu type="obj" n="2">paysages</lieu></dyn> puis, plus tard, sur l’élaboration des <dyn n="3">projets urbains</dyn>.</phrase>
  <phrase>Dès les premiers instants, l’immensité du site nous priva de nos moyens ordinaires de conception.</phrase>
  <phrase>Le parc départemental du Sausset</phrase>
  <phrase>« <perc type="axiol">Nous avons décidé</perc> que <lieu type="obj">cette terre</lieu>, très riche, travaillée depuis si longtemps, <dyn accompli="non" nature="abs">ne serait pas <perc type="axiol" pol="neg">bousculée</perc></dyn>.</phrase>
  <phrase>Elle était prête pour la pousse des arbres et, sur ce paysage calme, puissant, nous nous sommes déterminés à <perc type="axiol" pol="neg" n="1">ne pas introduire le tumulte</perc>, à <dyn accompli="non" nature="abs" n="1"><perc type="axiol" pol="neg" n="1">ne pas déranger</perc> <lieu type="obj" n="1">le sol</lieu></dyn>. L’art de conduire <dyn n="1">un projet sur <lieu type="obj" n="1">l’espace</lieu></dyn> n’est pas tant d’y <dyn nature="crea" n="2">poser des objets</dyn>, mais de <dyn nature="abs" n="3">s’en abstenir</dyn> »</phrase>
  <phrase>Maîtrise d’ouvrage: Conseil Général de Seine-Saint-Denis</phrase>
  <phrase>Maîtrise d’œuvre: Claire et Michel Corajoud, paysagistes (avec Jacques Coulon pour l’APS des deux premières tranches); Édith Girard, Pierre Gangnet, architectes; Pascal Mourgue, Patrick Hardy, designers; Tristan Pauly, ingénieur forestier; Marc Rumelhart, écologue; Claude Guinaudeau, ingénieur horticole.</phrase>
  <phrase>Échelle: 200 hectares</phrase>
  <phrase>Calendrier: 1980 (concours), <dyn accompli="non" nature="crea" n="1">travaux réalisés en plusieurs tranches</dyn> <tps axe_temp="pas" type="dur" absolu="oui" n="1">à partir de 1983</tps>, <dyn accompli="oui" nature="crea" n="2"><lieu type="obj" n="2">neuf tranches</lieu> <tps axe_temp="pres" n="2">actuellement</tps> réalisées</dyn>.</phrase>
  <phrase><perc type="axiol" n="1">Jusque-là, je pensais que l’on pouvait</perc> « tenir » toute l’étendue d’un projet et <dyn n="1">agir de manière définitive <lieu type="obj" n="1">sur l’espace</lieu></dyn>, que <dyn n="2">la réalisation</dyn> restait, en tous points, conforme à son projet.</phrase>
  <phrase>Mais nous avons compris ici que nous devions entrer, avec notre création, dans l’ensemble des dynamiques à l’œuvre sur le site.</phrase>
  <phrase>Proposant un parc où plantes et arbres vont, <tps>à terme</tps>, <dyn>donner leur forme effective <lieu type="obj">aux différents espaces</lieu></dyn>, nous acceptions le partage et la délégation de notre projet avec d’autres opérateurs que sont le climat, les conditions du sol, les règles d’association, de concurrence et de pousse des plantes, les gestionnaires et bien d’autres encore.</phrase>
  <phrase>Notre rôle se limitait donc à <dyn n="1">préparer les meilleures conditions</dyn> pour que <lieu type="obj" n="2">le paysage</lieu> <dyn n="2">génère son propre avènement</dyn>.</phrase>
  <phrase>Dans cette action partagée, le travail du paysagiste trouve sa pérennité.</phrase>
  <phrase>[...] Le parc du Sausset</phrase>
  <phrase>« Nous nous sommes imposés un travail sur la géométrie, sur le tracé extrêmement élaboré.</phrase>
  <phrase>Nous avons mêlé intimement les anciens chemins et les limites de champs avec les lignes que nous jugions nécessaires pour distribuer les lieux à partir d’un quadrillage initié par la Ville d’Aulnay ». (Plan page ci-contre)</phrase>
  <phrase>Géométrie et tracés</phrase>
  <phrase>Autre difficulté du <dyn>projet sur <lieu type="obj">le paysage</lieu></dyn> : tout ce qu’il considère est fuyant, gauche, indiscipliné, circonstanciel.</phrase>
  <phrase>La géométrie est, à cet égard, un outil intéressant par la possibilité qu’elle donne de rapporter l’indécision des formes paysagères à la règle simple de certains tracés.</phrase>
  <phrase>On ne peut appréhender, ni représenter, la complexité morphologique d’un site dans un premier élan.</phrase>
  <phrase>Nous devons la reconstruire patiemment en utilisant les éléments de rationalité et de mesure que nous offre la géométrie.</phrase>
  <phrase>Au Sausset, elle était utile pour <dyn>réconcilier <lieu type="obj">les fragments chaotiques d’un territoire de banlieue</lieu></dyn>.</phrase>
  <phrase>La familiarité acquise en travaillant sur le milieu vivant nous incline à penser le paysage comme le lieu où tous les éléments s’entredéterminent.</phrase>
  <phrase>Le paysage, par ses alliances nombreuses, <dyn>tisse <lieu type="obj">un « milieu »</lieu></dyn> qui intègre, sans mélange, des localités diversifiées.</phrase>
  <phrase>Il est un lieu d’interrelations.</phrase>
  <phrase>Ce n’est donc pas par idéologie que nous nous tenons éloignés de la pensée actuelle qui fait l’apologie de la juxtaposition, du chaos.</phrase>
  <phrase>Nous sommes tenus par nos expériences à considérer l’espace du paysage ou de la ville comme un véritable « milieu » dont les éléments, existants ou rapportés, tissent une multiplicité d’échanges.</phrase>
  <phrase>Un tel projet vise, évidemment, à <dyn accompli="non" nature="modif"><perc type="axiol" pol="pos">l’amélioration</perc> et à la transformation des <lieu type="obj">lieux</lieu></dyn>.</phrase>
  <phrase>Mais il est, avant tout, une méthode permettant d’interroger l’histoire et la géographie.</phrase>
  <phrase>Il est un outil de connaissance.</phrase>
  <phrase>[...] Le parc du Sausset</phrase>
  <phrase>« L’organisation des plantes exige de belles connaissances pour que <dyn>se développent</dyn>, <tps>à terme</tps>, <lieu type="obj">les différentes scènes végétales : hêtraie, chênaie, frênaie, pinède, aulnaie en lisière ou en plein bois ou encore celles du marais ou du bocage</lieu>.</phrase>
  <phrase>Connaissance de leur mode d’association, des conditions qui leur sont favorables, de leur vitesse de croissance, des règles qui déterminent leur sélection naturelle ou volontaire et enfin, de la patience nécessaire pour attendre leur maturité ».</phrase>
  <phrase>[...] Le parc du Sausset</phrase>
  <phrase>« <lieu type="obj">La topographie</lieu> <dyn accompli="non" nature="abs+modif">ne serait donc pas modifiée</dyn>, seules quelques nervures ou incisions viendront en surligner la morphologie au moment où elle amorce ses grands mouvements de pente »</phrase>
  <phrase>Paris, Avenue d’Italie</phrase>
  <phrase>« Je retiens de ce projet le mode de conception en « second œuvre », que j’affectionne désormais.</phrase>
  <phrase><act type="pers_coll">Nous</act> <dyn><perc type="autre">voulions</perc>, en effet, réintroduire <lieu type="obj">ce grand axe</lieu></dyn> <lieu type="loc">dans le patrimoine des avenues parisiennes</lieu>.</phrase>
  <phrase>Nous avons repris à notre compte tous les matériaux, tous les savoir-faire acquis depuis longtemps par les services de la voirie.</phrase>
  <phrase>L’accumulation de leurs expériences était le « premier-œuvre ».</phrase>
  <phrase>Après eux, nous nous sommes attachés à parfaire l’ensemble des distributions, l’ensemble des usages. Nous avons revu tous les détails de sols, de plantations et porté, avec Laurent Fachard, une attention plus particulière à l’éclairage »</phrase>
  <phrase>Maîtrise d’ouvrage: Ville de Paris, direction de la Voirie</phrase>
  <phrase>Maîtrise d’œuvre: Michel Corajoud, paysagiste; Pierre Gangnet, architecte; Laurent Fachard, éclairagiste; Omnium Général Ingénierie, b.e.t.</phrase>
  <phrase>Échelle: 1, 3 kilomètre</phrase>
  <phrase>Calendrier: 1992-1999 (en trois tranches)</phrase>
  <phrase>Habiter le parcellaire agricole : les murs à pêches de Montreuil</phrase>
  <phrase>Témoins d’un système horticole très élaboré, les « murs à pêches » couvraient, au début du XXe siècle, plus de cinq cents hectares sur les communes de Montreuil et de Bagnolet.</phrase>
  <phrase><tps axe_temp="pas" type="dur">Jusqu’à la dernière guerre</tps>, <lieu type="obj">la forme urbaine de Montreuil</lieu> <dyn accompli="oui">s’est organisée</dyn> selon le strict maillage formé par ces murs, dont beaucoup servent encore de limites pour les parcelles bâties, offrant ainsi aux hommes qui les habitent les qualités autrefois requises pour les pêches.</phrase>
  <phrase><dyn n="1"><perc type="axiol" pol="pos" n="1">En valorisant</perc> <lieu type="obj" n="1,2">les quelques hectares de pans de murs</lieu></dyn> qui <dyn accompli="non" nature="maint" n="2">perdurent</dyn> <lieu type="loc" n="2">dans le quartier Saint-Antoine</lieu>, <res n="1"><act type="pers_coll" n="3">la ville de Montreuil</act> peut se constituer une mémoire à partir de laquelle, elle <dyn accompli="non" n="3"><perc type="autre" n="3">pourrait</perc>, à nouveau, transposer et singulariser <lieu type="obj" n="3">sa forme urbaine</lieu></dyn></res>.</phrase>
  <phrase>Lors de notre étude de 1993, <perc type="axiol">je pensais qu’un bon moyen de prolonger l’histoire de ce territoire</perc> <dyn accompli="non">serait de maintenir ou d’attirer, <lieu type="loc">entre ces murs</lieu>, <lieu type="obj">des activités de type horticole ou agricole</lieu></dyn>.</phrase>
  <phrase>Elles auraient non seulement contribué à <dyn accompli="non" nature="maint" n="1">la sauvegarde des <lieu type="obj" n="1">murs</lieu></dyn>, mais aussi à <dyn accompli="non" nature="maint" n="2">la préservation des <lieu type="obj" n="2">espaces « naturels » du quartier</lieu></dyn>.</phrase>
  <phrase>Or les conditions de production offertes en région parisienne à ce type d’activités ne sont guère favorables.</phrase>
  <phrase><perc type="axiol">Avec Edouardo Souto De Moura, nous avons alors imaginé</perc> que <lieu type="obj"><res>des maisons individuelles</res></lieu>, ou <lieu type="obj"><res>de petites activités artisanales</res></lieu>, <dyn accompli="non" nature="crea">trouveraient <perc type="axiol" pol="pos">aisément</perc> leur place</dyn> <lieu type="loc">dans ce parcellaire</lieu>.</phrase>
  <phrase>C’est <dyn accompli="non" n="1">cette dynamique</dyn> que <perc type="axiol" n="1">nous proposions d’instaurer</perc> <lieu type="loc" n="1">dans le quartier Saint-Antoine</lieu> : <dyn accompli="non" nature="maint" n="2"><lieu type="obj" n="2">des configurations rurales anciennes</lieu> sauvées</dyn> par <dyn accompli="non" n="3"><lieu n="3">des configurations urbaines</lieu> <tps axe_temp="fut" n="3">futures</tps></dyn>.</phrase>
  <phrase>Mais l’étude à peine terminée, <act type="pers_ind" n="1">la Ministre de l’Environnement</act> (de l’époque) décide de prendre <perc type="axiol" n="1">une stricte mesure</perc> de <dyn accompli="non" nature="maint" n="1">protection pour <lieu type="obj" n="1">la meilleure partie des murs</lieu></dyn>, alors qu’elle n’ignore pas <perc type="axiol" n="2">l’indigence des moyens de l’État</perc> pour <dyn accompli="non" nature="maint" n="2">la sauvegarde</dyn>.</phrase>
  <phrase>Le projet s’arrête là... et <dyn accompli="non"><tps axe_temp="fut">l’avenir</tps> des <lieu type="obj">murs</lieu></dyn> aussi !</phrase>
  <phrase>L’évidence du « déjà là » : la Cité internationale de Lyon</phrase>
  <phrase>Lorsque, en 1986, <act type="pers_ind">Renzo Piano</act> est déclaré lauréat du concours d’idées pour <dyn accompli="oui" nature="crea">l’aménagement de <lieu type="obj">la Cité internationale</lieu></dyn>, il en désigne pour concept fondateur le Rhône et l’ancien Parc de la Tête d’Or, c’est-à-dire les deux entités paysagères riveraines.</phrase>
  <phrase>Pour lui, « <lieu type="obj">L’ensemble urbain de la Cité internationale</lieu> <dyn><perc type="autre">doit</perc> être immergé</dyn> <lieu type="loc">dans le paysage</lieu> » et il décide donc d’inscrire son architecture dans la valeur patrimoniale des lieux, avec la « Nature » comme cadre.</phrase>
  <phrase>Il choisit <act type="pers_coll">notre équipe</act> pour conforter ses premières intuitions et <dyn accompli="non" nature="crea">dessiner, <act type="pers_ind">avec lui</act>, <lieu type="obj">les espaces publics</lieu></dyn>.</phrase>
  <phrase>Dès l’origine du projet, nous avions la certitude que tous les éléments existants sur le site – <dyn accompli="oui" nature="modif" proces="iter"><lieu type="obj">la digue</lieu> plusieurs fois modifiée</dyn>, les quais hauts et bas, les anciennes constructions du Palais de la Foire datant de 1926, celle du palais des Congrès de 1960, les deux lignes de platanes, le parc de la Tête d’Or lui-même – étaient issus d’une même dynamique : celle que le fleuve suscite et impose.</phrase>
  <phrase>Montreuil. Les murs à pêches</phrase>
  <phrase>« En alternance régulière avec les parcelles privées, <act type="pers_coll">la collectivité publique</act> <dyn accompli="non" nature="repr+maint" proces="iter"><perc type="autre">devait, à son tour</perc>, restaurer et gérer <lieu type="obj">un maillage d’« allées-jardins »</lieu></dyn>, constituées de plusieurs parcelles, avec leur cloisonnement de maçonneries.</phrase>
  <phrase>L’ensemble de ces jardins et espaces publics aurait alors, constitué un véritable milieu ».</phrase>
  <phrase>(Vues et plan du quartier Saint-Antoine).</phrase>
  <phrase>Maîtrise d’ouvrage: Mairie de Montreuil, Programme: études de paysage et d’urbanisme,</phrase>
  <phrase>Maîtrise d’œuvre: Michel Corajoud, paysagiste (étude de 1993); Michel Corajoud, paysagiste, Eduardo Souto de Moura, architecte, Alphaville, économiste (étude de 1998),</phrase>
  <phrase>Échelle: 30 hectares.</phrase>
  <phrase>Calendrier: 1993 et 1998</phrase>
  <phrase><perc type="axiol">Nous pensions donc</perc> que <dyn accompli="non">toute forme nouvelle d’aménagement</dyn>, architecture comprise, devait se soumettre à cette évidence géographique qu’il nous fallait poursuivre et fortifier.</phrase>
  <phrase>Pour élargir notre point de vue, nous avons remonté maintes fois les rives sur plusieurs kilomètres en amont pour regarder comment le fleuve, libre encore du dessin de la ville, occupe plusieurs lits sur un vaste territoire où s’entremêlent des îles, des bras vifs ou morts, des « lônes » bordées d’une végétation hygrophile.</phrase>
  <phrase>Pour regarder comment il se resserre progressivement vers l’aval ; comment, juste avant son entrée en ville, il détermine, en sous-œuvre, les ouvrages de la digue et du parc de la Tête d’Or ; comment, enfin, il se concentre entre les perrés et les murs de quais, surlignés par le double mail de platanes qui traverse et caractérise la ville de Lyon.</phrase>
  <phrase>Transversalement, il nous fallait aussi comprendre comment <lieu type="obj" n="1">le beau Parc de la Tête d’Or</lieu> <dyn accompli="oui" nature="crea" n="1">fut dessiné</dyn> par <act type="pers_coll" n="1">les frères Bühler</act>.</phrase>
  <phrase>À cette occasion, je montrai que la dynamique du fleuve induit une occupation de l’espace par strates longitudinales : longs bancs de gravier en bourrelets, basses rives en cordons de sable fin, diverses levées de terre formant un système laminaire engraissé par différents étages de végétation.</phrase>
  <phrase><dyn accompli="oui" nature="modif" proces="iter" n="1">Les aménagements successifs de <lieu type="obj" n="1">la digue</lieu></dyn> elle-même et de <dyn accompli="oui" nature="crea" proces="iter" n="2"><lieu type="obj" n="2">ses diverses constructions</lieu></dyn> ont, à leur tour, surligné ce milieu écologique par des ouvrages linéaires (perrés, petites digues, quais, bâtiments en forme de peigne), par un mail de platanes et, enfin, par la grille et le contre-talus du parc.</phrase>
  <phrase>Dès lors, notre travail nous a conduits à <dyn nature="maint+repr" proces="iter">maintenir, à recréer et renforcer <lieu type="obj">ce système de strates parallèles aux berges</lieu></dyn>.</phrase>
  <phrase>De cette attention portée au contexte géographique et historique émane une sorte d’évidence : celle du « déjà là » dont parle Antoine Grumbach.</phrase>
  <phrase><dyn accompli="non">Toute forme nouvelle d’aménagement</dyn>, architecture comprise, devait se soumettre à cette évidence géographique qu’il nous fallait poursuivre et fortifier.</phrase>
  <phrase>Lyon, Cité internationale « À cette image de <dyn n="1"><lieu type="obj" n="1">nature</lieu> idyllique, horticole et domestiquée</dyn> qu’offrait le parc de la Tête d’Or, <act type="pers_coll" n="2">nous</act> <dyn accompli="oui" nature="crea" n="2">avons ajouté, <lieu type="loc" n="2">sur notre propre emprise</lieu>, <lieu type="obj" n="2"><res n="2">un nouveau parc</res></lieu></dyn> qui s’adresse davantage à la naturalité du fleuve, qui met en scène le régime changeant de ses eaux et les divers paysages qu’il détermine.</phrase>
  <phrase>Un parc plus ouvert sur ses horizons naturels ou urbains et qui <dyn accompli="oui" nature="repr" proces="iter">recompose <lieu type="obj">les berges de la rive gauche</lieu></dyn> <obj>pour les rendre à la fréquentation</obj> ».</phrase>
  <phrase>Maîtrise d’ouvrage: Communauté urbaine de Lyon Programme : aménagement des abords de la Cité internationale, à l’entrée Est de Lyon, au bord du Rhône</phrase>
  <phrase>Maîtrise d’œuvre: Renzo Piano, architecte; Michel Corajoud, Atelier Corajoud, paysagistes,</phrase>
  <phrase>Échelle: 35 ha.,</phrase>
  <phrase>Calendrier: 1992-2003</phrase>
  <phrase>Les « horizons-paysages » : la Plaine Saint-Denis</phrase>
  <phrase><tps axe_temp="pas" absolu="oui">En 1993</tps> <act type="pers_coll">le GIE « Hippodamos 93 »</act>, constitué par <act type="pers_ind">Yves Lion</act>, <act type="pers_ind">Pierre Riboulet</act>, <act type="pers_ind">Philippe Robert</act> et <act type="pers_ind">moi-même</act>, <dyn accompli="non" proces="inch">commence, <tps axe_temp="pas" type="dur">pour six ans</tps>, le projet urbain des <lieu type="obj">huit cents hectares de la Plaine Saint-Denis</lieu></dyn>.</phrase>
  <phrase>La Plaine...</phrase>
  <phrase>Son nom le dit : toute l’histoire de l’installation et de l’activité des hommes sur ce territoire est fondée sur la géographie.</phrase>
  <phrase>La plaine commence au « Pas de la Chapelle », entre les deux buttes Chaumont et Montmartre – le seuil qui ouvre sur la grande Plaine de France – et le point précis où le méandre de Gennevilliers, en se retournant, fut à l’origine de la ville de Saint-Denis.</phrase>
  <phrase>Ici, depuis longtemps convergent tous les grands axes de communication, et là se rencontrent la Seine et le canal Saint-Denis, son raccourci.</phrase>
  <phrase>Cette vaste plaine bornée sur l’horizon par la douce silhouette des Buttes d’Orgemont, de Montmorency, et de la toute petite butte Pinson qui met en perspective celle d’Ecouen, plus lointaine.</phrase>
  <phrase><dyn accompli="oui" nature="crea">Urbaniser <lieu type="obj">la Plaine</lieu></dyn> fut <tps axe_temp="pas" type="dur">au XIXe siècle</tps>, <perc type="axiol">une entreprise facile</perc>.</phrase>
  <phrase>L’horizontalité, la disponibilité des sols n’opposèrent <perc type="axiol" n="1+2">aucune résistance</perc> aux <dyn accompli="oui" nature="crea" n="1">libres tracés des <lieu type="obj" n="1">infrastructures</lieu></dyn>, à <dyn accompli="oui" nature="crea" n="2">la juxtaposition des <lieu type="obj" n="2">emprises</lieu> et des <lieu type="obj" n="2">constructions</lieu></dyn>.</phrase>
  <phrase>La Seine puis, plus tard, le canal, furent des voies d’eau commodes dont on <dyn accompli="oui" nature="crea">a occupé <lieu type="obj">les rives</lieu></dyn> <perc type="axiol">sans restriction</perc>.</phrase>
  <phrase>Les nuisances du trafic de transit s’ajoutèrent enfin à l’encombrement et au tumulte des berges.</phrase>
  <phrase>Il est un temps...</phrase>
  <phrase>le nôtre...</phrase>
  <phrase>où l’accumulation des choses est telle que tous les horizons se ferment.</phrase>
  <phrase>La géographie est prisonnière de <dyn nature="crea">l’enchevêtrement des <lieu type="obj">constructions</lieu> et des <lieu type="obj">ouvrages</lieu></dyn> ou repoussée au-delà des limites sensibles de la ville.</phrase>
  <phrase>Il n’y a plus de lointain, plus de paysage ou, du moins, il n’y a plus cette forme de paysage que crée le rapport intelligible entre le territoire-support et les divers agencements des hommes qui l’habitent.</phrase>
  <phrase>Pour prévenir cet effet d’obstruction, on <dyn n="1">a, <tps axe_temp="pas" type="dur" n="1">depuis toujours</tps>, composé <lieu n="1">les villes</lieu></dyn> <dyn n="2">en créant <lieu type="obj" n="2">des systèmes d’interrelations</lieu></dyn> capables de mettre en perspective les composantes urbaines, d’associer les divers lieux où s’exprime la vie publique ; d’assurer les respirations, les points de vue, les axes qui, par effet d’enchaînement, maintiennent et démultiplient les horizons du site d’origine.</phrase>
  <phrase><perc type="axiol">Nous sommes persuadés</perc> que <dyn accompli="non" nature="repr" proces="iter">la renaissance de <lieu type="obj">la Plaine</lieu></dyn> se fera au prix d’une redécouverte du paysage.</phrase>
  <phrase><dyn>La prolifération des <lieu type="obj">objets</lieu></dyn>, la contiguïté et l’étau des emprises devront faire place...</phrase>
  <phrase>Place à la mise en perspective, aux interrelations, place aux espaces ouverts et publics.</phrase>
  <phrase>Place enfin, à ce que nous avons appelé les « horizons-paysages ».</phrase>
  <phrase><dyn accompli="non" n="1">Le projet urbain</dyn> inaugure cette ambition par la manière dont s’organisent les études, que l’on pourrait comparer à <dyn accompli="non" n="2">un projet sur le paysage</dyn>.</phrase>
  <phrase>Elles ont été très profondément soucieuses du contexte, elles se sont adaptées quotidiennement aux circonstances, elles proposaient et reformulaient, sans cesse, les conditions spatiales qui traduisent le mieux les exigences sociales des collectivités qui les initient.</phrase>
  <phrase>Elles rendaient compte de l’existant en préfigurant <dyn accompli="non">un <tps axe_temp="fut">avenir</tps> pour <lieu type="obj">la Plaine</lieu></dyn>.</phrase>
  <phrase>La Plaine Saint-Denis</phrase>
  <phrase>« <dyn accompli="oui">Le projet urbain de <lieu type="obj">la Plaine Saint-Denis</lieu></dyn> donne beaucoup d’importance aux relations transversales Est-Ouest pour associer les communes riveraines, Saint-Ouen et Aubervilliers, à ce territoire.</phrase>
  <phrase>Pour rompre aussi avec la logique radioconcentrique de Paris, et connecter entre elles les villes au Nord de la première couronne ».</phrase>
  <phrase>Maîtrise d’ouvrage: villes de Saint-Denis et d’Aubervilliers, SEM Plaine-Développement. Programme: étude de projet urbain</phrase>
  <phrase>Maîtrise d’œuvre: Groupe Hippodamos 93 (Michel Corajoud, paysagiste; Yves Lion, Pierre Riboulet, Philippe Robert, architectes).</phrase>
  <phrase>Échelle: 850 hectares</phrase>
  <phrase>Calendrier: 1993-1999</phrase>
  <phrase>« <dyn accompli="non" nature="crea"><lieu type="obj"><res>Ces voies</res></lieu> nouvelles</dyn> seront des lieux de fertilité.</phrase>
  <phrase>Des conditions optimales seront données à la végétation arborée par un système de gestion qui maintient en surface et utilise les eaux pluviales avant d’en rejeter le trop-plein dans les canalisations ».</phrase>
  <phrase>« L’occasion est ainsi donnée de <dyn nature="repr" proces="iter">renouveler le principe des <lieu type="obj">arbres en ligne</lieu></dyn> qui accompagnent généralement les rues, en trouvant plus de souplesse et de diversité ».</phrase>
  <phrase>Campagne et ville diffuse: un plan de paysage pour l’Isle d’Abeau</phrase>
  <phrase>En 1995, à l’initiative de Jean Frébault, directeur général de l’EPIDA, est lancée une démarche « plan de paysage » sur le territoire de la ville nouvelle.</phrase>
  <phrase>Je suis associé aux CAUE de l’Ain, de l’Isère et du Rhône pour conduire ce travail.</phrase>
  <phrase>Les paysages de l’Isle d’Abeau sont d’une qualité d’exception et d’une grande singularité, car ils enchaînent trois échelles successives : à proximité, le drapé des collines et des petits vallons, joliment surligné par le travail des agriculteurs ; au second plan, la vallée, fédératrice potentielle des unités urbaines de la ville nouvelle ; enfin, les grands lointains de la chaîne des Alpes, symboles d’un rapport exceptionnel à la grande nature qui associe les habitants de cette ville au pays tout entier.</phrase>
  <phrase>Le premier temps de mon travail fut <perc type="axiol" pol="neg">une critique très vive de l’incroyable aveuglement avec lequel</perc> <act type="pers_coll">certains constructeurs</act> <dyn accompli="oui">avaient <perc type="axiol" pol="neg">plaqué</perc>, <lieu type="loc">sur ce territoire délicat</lieu>, <doc>des plans masse absurdes</doc></dyn> aux formes contournées et préconçues.</phrase>
  <phrase><lieu type="obj" n="1">Le labyrinthe du réseau des voiries</lieu> qu’<act type="pers_coll" n="1">ils</act> <dyn nature="crea" n="1">aménageaient</dyn> <dyn nature="crea" proces="iter" n="2">produisait <tps axe_temp="pas" type="iter" n="2">sans cesse</tps> <lieu type="obj" n="2"><res n="2">des culs-de-sac bornés</res></lieu></dyn> ; l’assiette des routes était engluée, sans audace, dans la pente et les maisons amarrées au beau milieu de jardinets ridicules.</phrase>
  <phrase>Tout était fait pour l’enfermement.</phrase>
  <phrase>Le paysage originel, qui aurait pu donner du sens à cette forme urbaine, était encombré des scories de la ville.</phrase>
  <phrase>En contre-exemple, <dyn accompli="oui" nature="crea"><lieu type="obj">l’un des quartiers de la ville nouvelle</lieu>, <lieu type="obj">« le village de Terre »</lieu>, réalisé</dyn> par <act type="pers_ind">un collectif d’architectes</act>, est exemplaire pour la manière dont la distribution des immeubles met en perspective toutes les échelles du territoire.</phrase>
  <phrase>Ces ouvertures sur le paysage sont mises à disposition en presque tous les points du quartier.</phrase>
  <phrase>J’ai ensuite utilisé une méthode de sites tests pour développer une critique plus positive : bien montrer la hiérarchie des divers plans de lecture de chaque entité paysagère, et suggérer les moyens à mettre en œuvre pour que <lieu type="obj">les quartiers</lieu> <dyn>s’orientent</dyn>, notamment par le biais des espaces publics, <lieu type="loc">sur cette belle campagne</lieu>.</phrase>
  <phrase>C’est à l’Isle d’Abeau que je me suis attaché profondément à l’idée que le paysage, la campagne, pouvaient conférer du sens à la ville « diffuse » et qu’à l’inverse, cette même ville pouvait, à son tour, donner du sens à la campagne qui, aujourd’hui, se désagrège.</phrase>
  <phrase>Saint-Denis, couverture de l’autoroute A1</phrase>
  <phrase>« <lieu type="loc">Au centre de la Plaine Saint-Denis</lieu>, <lieu type="obj">l’ancienne route royale « avenue de Paris »</lieu>, puis <lieu type="obj">avenue du « Président Wilson »</lieu>, <dyn accompli="oui" nature="destr">fut <perc type="axiol" pol="neg">éventrée</perc></dyn> <tps axe_temp="pas" absolu="oui">en 1960</tps> <res>pour le passage en tranchée de l’autoroute A1</res>.</phrase>
  <phrase><lieu type="obj">La Plaine</lieu> <dyn accompli="oui">est alors coupée en deux</dyn>, <perc type="axiol" pol="neg">dévastée par le bruit et la pollution</perc>.</phrase>
  <phrase><tps axe_temp="pas" absolu="oui">En 1987</tps>, <act type="pers_coll">l’État</act> <dyn accompli="non" nature="crea"><perc type="boul">veut</perc> implanter <lieu type="obj"><res>le Stade de France</res></lieu></dyn> <lieu type="loc">à Saint-Denis</lieu>.</phrase>
  <phrase>Les élus de cette ville <perc type="axiol">exigent, avant toute négociation</perc>, que <lieu type="obj">l’autoroute</lieu> <dyn accompli="non" nature="crea">soit couverte</dyn>.</phrase>
  <phrase><dyn accompli="non" nature="crea" n="1">Couverte par une dalle</dyn>, suffisamment lourde pour porter à la fois des hommes et des plantes, une dalle capable de <dyn accompli="non" nature="repr" proces="iter" n="2">reconstituer <lieu type="obj" n="2">le sol de pratique</lieu></dyn> qui lui avait été volé.</phrase>
  <phrase><dyn nature="repr" proces="iter" n="1">La requalification de <lieu type="obj" n="1">l’avenue</lieu></dyn> <perc type="axiol" n="1">joue un rôle décisif</perc> pour <dyn accompli="non" n="2">le projet urbain de <lieu type="obj" n="2">toute la Plaine</lieu></dyn> ».</phrase>
  <phrase>Maîtrise d’ouvrage: État, Ville de Saint-Denis</phrase>
  <phrase>Programme: <dyn accompli="oui" nature="crea" n="1">couverture de <lieu type="obj" n="1">l’autoroute A1</lieu></dyn> et <dyn accompli="oui" n="2">aménagement de <lieu type="obj" n="2">l’avenue du Président Wilson</lieu></dyn></phrase>
  <phrase>Maîtrise d’œuvre: Michel Corajoud et l’Atelier Corajoud, paysagistes; Yves Lion, architecte; Laurent Fachard, éclairagiste; Algoe Management, coordination; AEP, b.e.t.</phrase>
  <phrase>général; JLF Concept, b.e.t.</phrase>
  <phrase>arrosage; SD Paysages, b.e.t. substrats</phrase>
  <phrase>Échelle: 5 hectares, dont 3 hectares de dalle longue de 1350 mètres et large de 38 mètres</phrase>
  <phrase>Calendrier: 1997-1998</phrase>
  <phrase>L’Isle d’Abeau, plan de paysage « Le premier temps de mon travail fut celui d’<perc type="axiol" pol="neg">une critique très vive face à l’incroyable aveuglement avec lequel</perc> <act type="pers_coll">certains constructeurs</act> <dyn accompli="oui">avaient <perc type="axiol" pol="neg">plaqué</perc> <doc>des plans masse absurdes</doc></dyn> <lieu type="loc">sur ce territoire délicat</lieu>.</phrase>
  <phrase>En revanche, le “village terre” est exemplaire pour la manière dont la distribution des immeubles met en perspective toutes les échelles du territoire.</phrase>
  <phrase>J’ai ensuite utilisé une méthode de sites tests pour développer une critique plus positive: bien montrer la hiérarchie des divers plans de lecture de chaque entité paysagère, et les moyens à mettre en œuvre pour que <lieu type="obj">les quartiers</lieu> <dyn>s’orientent</dyn>, par le biais de l’espace public notamment, <lieu type="loc">sur cette belle campagne</lieu> ».</phrase>
  <phrase>Maîtrise d’ouvrage: Établissement public d’aménagement de la ville nouvelle de l’Isle d’Abeau Programme: Élaboration du Plan Paysage</phrase>
  <phrase>Maîtrise d’œuvre: Michel Corajoud, paysagiste; CAUE de l’Ain, de l’Isère et du Rhône</phrase>
  <phrase>Échelle: une vallée longue de 25 km et les plateaux et collines adjacents</phrase>
  <phrase>Calendrier: 1995</phrase>
  <phrase>La campagne à la ville : le parc de Gerland</phrase>
  <phrase><act type="pers_coll">Nous</act> <dyn accompli="oui" nature="crea">avons réalisé, avec <act type="pers_ind">Claire Corajoud</act> et <act type="pers_ind">Gabriel Chauvel</act>, <lieu type="loc">dans le parc de Gerland à Lyon</lieu> – <perc type="axiol" pol="pos">l’un des plus accomplis de nos derniers projets</perc> – <lieu type="obj"><res>un grand jardin linéaire de 500 mètres par 50</res></lieu></dyn>.</phrase>
  <phrase><act type="pers_coll">Nous</act> <perc type="boul">voulions</perc>, <tps axe_temp="pas" type="dur">depuis longtemps</tps>, concevoir et <dyn nature="crea">réaliser un <lieu type="obj"><res>jardin</res></lieu></dyn> <obj>qui fasse référence à la maîtrise des plantes par le travail de l’homme</obj> : agriculteurs, horticulteurs, maraîchers.</phrase>
  <phrase>Un jardin dans la ville qui évoque moins la « nature » que la « campagne ».</phrase>
  <phrase>En ce sens, notre jardin est le contrepoint du « jardin en mouvement » de Gilles Clément au parc Citroën Cévennes qui fait référence aux cycles et associations naturelles des plantes.</phrase>
  <phrase>Lyon, Parc de Gerland</phrase>
  <phrase>« <perc type="axiol">Un facteur essentiel d’étonnement</perc> de <lieu type="obj">ce jardin</lieu> est <dyn>son mode de gestion: la tonte fréquente</dyn>, la fauche des associations végétales, qui exacerbent les facteurs saisonniers et accélèrent le processus de croissance (vigueur des pousses de l’année).</phrase>
  <phrase>Ce mode de gestion met en scène labours, semis, bouturages et fauches.</phrase>
  <phrase>C’est lui qui décide de la structure en bandes très simples, très rationnelles sur lesquelles va s’épanouir la diversité des plantes associées.</phrase>
  <phrase>Mais c’est surtout l’importance de la dimension donnée à ce jardin, sa longueur, qui semble nécessaire pour que l’imaginaire du public quitte l’échelle de la plate-bande pour retrouver la dimension d’un champ cultivé et l’outillage adapté pour ce type de parcelle ».</phrase>
  <phrase>Maîtrise d’ouvrage: Communauté urbaine de Lyon</phrase>
  <phrase>Maîtrise d’œuvre: Michel Corajoud, Claire Corajoud, Atelier Corajoud, paysagistes; Laurent Fachard, éclairagiste; JLF Concept, b.e.t.</phrase>
  <phrase>arrosage ; Omnium Général Ingénierie, b.e.t. ; Gabriel Chauvel, paysagiste</phrase>
  <phrase>Échelle: 80 ha, première tranche,17 ha</phrase>
  <phrase>Calendrier: 1997-2002 (première tranche)</phrase>
  <phrase>Confort urbain : les quais de la Garonne à Bordeaux</phrase>
  <phrase><act type="pers_coll">Nous</act> réalisons <tps axe_temp="pas" type="pres">actuellement</tps> <dyn accompli="non" nature="modif" proces="inch">les premiers travaux de la transformation des <lieu type="obj">quais de la rive gauche de Bordeaux</lieu></dyn> et <perc type="axiol">je n’ai pas suffisamment de recul pour faire le bilan de ce travail</perc>.</phrase>
  <phrase><tps axe_temp="fut" type="dur">Il nous reste quatre ou cinq ans</tps> de <dyn accompli="non">chantier</dyn>.</phrase>
  <phrase>À cette échéance, peut-être, saurons-nous si nous avons réussi !</phrase>
  <phrase>C’est <dyn accompli="non">un projet de « second œuvre »</dyn>, en ce sens que toute la beauté possible est déjà là.</phrase>
  <phrase>Beauté géographique, celle de la Garonne forte et ample ; historique, celle de l’incomparable façade des XVII e , XVIII e et XIX e siècles, entièrement constituée.</phrase>
  <phrase>Nous nous intéressons à la lumière des quais, qui est trop crue ; <act type="pers_coll">nous</act> y <dyn>apportons les ombres et les lumières d’<lieu type="obj">un espace « jardiné »</lieu></dyn>.</phrase>
  <phrase>Nous sommes très attentifs au confort de ceux qui vont vivre et pratiquer cet immense espace.</phrase>
  <phrase>Attention comparable à celle que nous portions, voici quarante ans avec Bernard Rousseau, à <dyn accompli="non" nature="crea">la conception d’<lieu type="obj">un logement</lieu></dyn>.</phrase>
  <phrase>Bordeaux, aménagement des quais Rive Gauche</phrase>
  <phrase>« Pour transférer sur les quais les émotions produites par la luminosité des beaux ensembles de la ville minérale, il nous faut accueillir la lumière avec une autre matérialité, <dyn nature="crea">créer <lieu type="obj">d’autres formes de toits</lieu>, <lieu type="obj">d’autres verticales</lieu>, <lieu type="obj">d’autres percements</lieu>, <lieu type="obj">d’autres colonnades</lieu>, <lieu type="obj">d’autres textures</lieu></dyn> enfin.</phrase>
  <phrase>Aussi <perc type="axiol" n="1">avons nous choisi</perc> de <dyn nature="modif" n="1">jardiner <lieu type="obj" n="1">les quais</lieu></dyn>, jardiner voulant littéralement dire : employer les méthodes du jardinage pour <dyn nature="modif" n="2">aménager <lieu type="obj" n="2">cet espace public</lieu></dyn>.</phrase>
  <phrase>Ainsi <lieu type="obj">l’espace des quais</lieu> <dyn accompli="non" nature="maint" temps="fut">restera</dyn> <tps axe_temp="fut" type="dur">pour toujours</tps> une interface particulière, un troisième état des choses entre Nature (nature de la rive Sud, nature du fleuve) et la ville sédimentaire que contient la façade ».</phrase>
  <phrase>Maîtrise d’ouvrage: Communauté urbaine de Bordeaux</phrase>
  <phrase>Maîtrise d’œuvre: Michel Corajoud, Claire Corajoud, Atelier Corajoud, paysagistes; Pierre Gangnet, architecte; Anouk Debarre, paysagiste; Laurent Duplantier, architecte; Laurent Fachard, éclairagiste; Alain Vincent, économiste; Francis Petit, b.e.t.</phrase>
  <phrase>Échelle: 42 ha, 5 km</phrase>
  <phrase>Calendrier: 2001-2007</phrase>
  <phrase>Une monumentalité possible pour la ville contemporaine ?</phrase>
  <phrase>Au terme de ce rapide tour d’horizon je tente de répondre à la question maintes fois posée par Bernardo Secchi et bien d’autres : « Comment améliorer l’habitabilité de la ville diffuse?</phrase>
  <phrase>».</phrase>
  <phrase>Là où la campagne est encore voisine de la ville compacte ou sur <lieu type="obj">des terrains agricoles</lieu> convoités par <dyn nature="crea">l’urbanisation</dyn>, je propose de reporter, avec grande attention, le tissu ordinaire de la ville diffuse sur le fonds territorial, sur le paysage architecturé par les agriculteurs.</phrase>
  <phrase>Le recouvrement judicieux de cette « anthropogéographie » rurale <dyn><perc type="autre">peut</perc>, <perc type="axiol">à mon sens</perc>, polariser, orienter, ordonner, et finalement qualifier <lieu type="obj">les fragments épars de la ville moderne</lieu></dyn>.</phrase>
  <phrase>Car beaucoup des configurations, des distributions de la campagne, qu’elles soient d’origine humaine (le système viaire, le parcellaire, le bâti...) ou naturelle (l’orographie, l’hydrographie, la végétation...), sont <perc type="axiol">aptes</perc> à <dyn accompli="non">accueillir <lieu type="obj">une forme urbaine</lieu></dyn>.</phrase>
  <phrase>Elles forment un substrat capable de régler d’autres activités, d’autres pratiques, capable d’initier une autre fondation.</phrase>
  <phrase>Car ces assemblages faits de tracés, de scarifications, de drapés, d’adossements, de délaissés, sont presque toujours le fruit d’une longue interdépendance, d’une patiente négociation entre l’homme et son milieu.</phrase>
  <phrase>Ils ne manquent donc pas d’intelligence, ni d’efficacité ou de commodité.</phrase>
  <phrase>Parce qu’elle serait réglée par l’orientation et l’inclinaison générales des terres agricoles, et par effet de continuité, la ville aurait donc en perspective et sur tous les horizons, des vues sur la campagne.</phrase>
  <phrase>Campagne enchantée plus encore, lorsqu’elle serait orientée sur un fond de « nature ».</phrase>
  <phrase>En ce sens, j’évoque l’idée d’une monumentalité possible du fonds territorial.</phrase>
  <phrase>J’estime en effet que le paysage de la campagne peut contribuer, en la contenant, à donner du sens à la ville diffuse.</phrase>
  <phrase>Inversement, la ville nouvellement instruite par <lieu type="obj">la campagne</lieu> aurait une aptitude à <dyn accompli="non" nature="maint">sauvegarder <lieu type="obj">cette dernière</lieu></dyn>.</phrase>
  <phrase>Le refus grandissant des effets pervers de la mondialisation ouvre des perspectives sur d’autres formes d’exploitation agricole.</phrase>
  <phrase>En bien des endroits, à la culture intensive s’ajoute une culture de proximité où les produits cultivés sont à portée de main et de vue des habitants de la ville.</phrase>
  <phrase>Ces deux mondes, l’urbain et le rural, sont peut-être en train de se réconcilier.</phrase>
  <phrase>Les neuf conduites du projet</phrase>
  <phrase>par Michel Corajoud</phrase>
  <phrase>1.</phrase>
  <phrase>Se mettre en état d’effervescence.</phrase>
  <phrase>Dès les premières heures, sans précisions sur le programme ni sur le site qui fera l’objet de votre intervention, je vous invite à mener parallèlement deux actions d’une grande intensité.</phrase>
  <phrase>Vous devez d’abord combler, dans un temps court, un déficit énorme de connaissances.</phrase>
  <phrase>Mille questions doivent être posées : Que <dyn accompli="oui" n="1">s’est-il tramé</dyn>, que <dyn accompli="non" n="2">se trame</dyn>-t-il <lieu type="loc" n="1+2">sur ce lieu</lieu> ?</phrase>
  <phrase>Que <dyn accompli="non"><perc type="autre">veut</perc>-on faire de <lieu type="obj">lui</lieu></dyn> ?</phrase>
  <phrase>Et qui le veut ?</phrase>
  <phrase>Quel fut son apogée, à quand remonte son déclin, pourquoi est-il disponible aujourd’hui et <perc type="axiol">pourquoi</perc> <dyn accompli="non" nature="modif"><perc type="autre">doit-on</perc> <lieu type="obj">le</lieu> transformer</dyn> ?</phrase>
  <phrase>Toutes ces questions peuvent rester, pour un temps sous une forme évasive, suspendue.</phrase>
  <phrase>Seules comptent, pour l’instant, leur émergence et leur accumulation.</phrase>
  <phrase>C’est le questionnement lui-même qui vous déterminera et vous engagera dans la réalité.</phrase>
  <phrase>Dans le même temps, vous pouvez très bien, sans attendre toutes les réponses, formuler des hypothèses de travail et dessiner les premières propositions d’aménagement.</phrase>
  <phrase>L’important, me semble-t-il, est de prendre le plus tôt possible, la posture projectuelle pour éviter les atermoiements d’une analyse préalable trop longue.</phrase>
  <phrase>La manière dont vous vous engagez dans le projet est décisive.</phrase>
  <phrase>L’état d’effervescence que je vous suggère viendra, en effet, dynamiser et conforter les premiers moments où vous devrez résoudre des contradictions, réunir des domaines séparés, <dyn accompli="non" n="1">expérimenter, imaginer <lieu type="obj" n="1">l’espace</lieu></dyn> et le représenter.</phrase>
  <phrase>2.</phrase>
  <phrase>Parcourir en tous sens.</phrase>
  <phrase>Vous devez parcourir le site et ses alentours en tous sens, observer et consigner toutes les configurations, jusqu’aux plus ténues et aux plus négligeables.</phrase>
  <phrase>Une observation trop hâtive des lieux risquerait de surévaluer un élément qui, sur le site, serait exagérément mis en relief en négligeant les autres.</phrase>
  <phrase>Le premier écueil serait donc votre fascination pour un point de vue unique, fascination si forte qu’elle éclipserait toutes les autres données.</phrase>
  <phrase>Pour conjurer cette majoration abusive, apprenez l’ubiquité. Soyez partout à la fois et, lorsqu’un point de vue s’impose, fuyez à l’opposé, quitte à revenir vers lui si sa domination persiste !</phrase>
  <phrase>Le second écueil serait de ponctionner sur le paysage, à la suite de visites plus ou moins succinctes, quelques données « objectives », généralement les plus tranchées, les plus saillantes, celles qui se prêtent le mieux à la représentation, à la transcription.</phrase>
  <phrase>Cette approche « analytique » est souvent séparatrice.</phrase>
  <phrase>Les projets qui s’ensuivent montrent bien qu’ils sont inaptes à recomposer vraiment la réalité, qu’ils ne sont le fruit que d’une extraction, que d’une suite de négligences.</phrase>
  <phrase>3.</phrase>
  <phrase>Explorer les limites, les outrepasser.</phrase>
  <phrase><dyn accompli="non">Tout projet sur <lieu type="obj">le territoire</lieu></dyn> devrait commencer par remettre en cause l’apparente légitimité des limites convenues pour une opération, par le refus de laisser le paysage se fragmenter en multiples « terrains d’action » aveugles les uns aux autres.</phrase>
  <phrase><dyn>L’aménagement de <lieu type="obj">chaque lieu</lieu></dyn> doit, au contraire, être instruit par une connaissance large du site qui l’accueille, et son projet doit travailler l’ensemble des données induites par les espaces mitoyens qui, par enchaînement, composent les divers horizons d’un site.</phrase>
  <phrase>Il vous faut prendre de la distance, rejoindre les limites pour y découvrir les différentes issues par lesquelles s’évader.</phrase>
  <phrase>Élargissant votre point de vue au delà des limites qui vous sont assignées, vous pourrez mesurer leur résistance, faire l’état de leur porosité.</phrase>
  <phrase>En vous éloignant, vous testerez les diverses conditions par lesquelles, ici, l’espace s’affirme ou, là, bascule sur des espaces voisins, et quels sont les guichets par lesquels il s’ouvre sur les lointains.</phrase>
  <phrase>Vos escapades détermineront donc les horizons véritables de ce lieu.</phrase>
  <phrase>4.</phrase>
  <phrase>Quitter pour revenir.</phrase>
  <phrase>Au cours de vos premiers travaux d’investigation, plus vous explorerez le site et plus vous découvrirez que les archives de tout espace sont inépuisables.</phrase>
  <phrase>Plus vous analyserez les données du lieu et de la demande et moins vous serez capables d’agir.</phrase>
  <phrase>Vous pouvez, si vous n’y prenez garde, vous enliser dans la complexité d’une situation !</phrase>
  <phrase>Vous devez donc régulièrement prendre de la distance par rapport au site, le quitter pour travailler dans votre atelier à partir d’outils spécifiques qui représentent et transposent la réalité.</phrase>
  <phrase>Mais, une fois engagées et stabilisées vos premières décisions, vous devez retourner sur le site pour en tester le bien-fondé et mesurer l’écart entre l’ébauche de votre projet et son adaptation au site d’accueil.</phrase>
  <phrase>Si vous négligez cette consigne, la greffe que vous proposez a toutes les chances d’être rejetée.</phrase>
  <phrase>5.</phrase>
  <phrase>Traverser les échelles.</phrase>
  <phrase>L’enchaînement spatial et temporel de toutes les choses et situations qui composent le paysage contribuent à l’intime emboîtement de ses différentes échelles.</phrase>
  <phrase>Il y a, le plus souvent, de nombreuses correspondances entre les éléments constitutifs du local et ceux du global.</phrase>
  <phrase>La traversée des échelles consiste donc à maîtriser, simultanément, l’ensemble et le détail, le proche et le lointain.</phrase>
  <phrase>Le parc de Versailles est un exemple sublime de l’emboîtement des échelles.</phrase>
  <phrase>Une margelle de bassin, un emmarchement, la taille d’une haie font implicitement, et parfois même explicitement, référence à la composition de l’ensemble du jardin.</phrase>
  <phrase>La traversée et la maîtrise des échelles sont, de toutes ces conduites ou aptitudes, les plus difficiles à acquérir, celles qui demandent le plus d’expérience et je vous invite donc à vous y entraîner sans attendre.</phrase>
  <phrase>6.</phrase>
  <phrase>Anticiper.</phrase>
  <phrase>Un attachement de plus en plus marqué au contexte vous prédispose à regarder le territoire d’une manière dynamique.</phrase>
  <phrase>En effet, les différentes configurations du site que vous découvrez traduisent un mouvement général, une sorte d’inclinaison qui expriment le temps physique et culturel à l’œuvre dans le paysage.</phrase>
  <phrase>La méthode que je vous propose peut être comparée à l’usage que font les cinéastes des curseurs de leur table de montage : faites se dérouler, dans un sens et puis dans l’autre, la suite des images qui témoignent des <tps n="1">divers temps</tps> qui <dyn accompli="oui" nature="modif" n="1">ont modelé et configuré <lieu type="obj" n="1">ce paysage</lieu></dyn> ; en poussant le curseur à son extrême, vous pourrez presque prolonger cette suite et entrapercevoir les images qui pèsent sur <dyn accompli="non" n="2">le devenir du <lieu type="obj" n="2">site</lieu></dyn> et qui vous inciteront à <dyn accompli="non" nature="modif" n="3">telle ou telle transformation</dyn>.</phrase>
  <phrase>Dans le foisonnement et la chronologie des indices décelés, vous saurez reconnaître les tendances les plus marquantes, celles qui permettent de s’immiscer durablement dans le réel en consommant le minimum d’énergie.</phrase>
  <phrase>Le projet est, à cet égard, un mélange de souvenirs et d’anticipations.</phrase>
  <phrase>Ancrer votre projet dans l’histoire et la géographie des lieux n’est pas une incitation au passéisme et à <dyn accompli="non" nature="maint" n="1">la conservation</dyn> mais à refuser <dyn accompli="non" nature="destr" n="2">la tabula rasa</dyn>, vous incitant à enchaîner vos nouvelles propositions à la mémoire du site.</phrase>
  <phrase>7.</phrase>
  <phrase>Défendre l’espace ouvert.</phrase>
  <phrase><dyn accompli="non" nature="maint" n="1">La préservation de <lieu type="obj" n="1">l’espace ouvert</lieu></dyn> <perc type="axiol" pol="pos" n="1">est une valeur à défendre</perc> ou, plus exactement, <perc type="axiol" pol="pos" n="2">il est important de s’opposer</perc> à <dyn n="2">l’encombrement systématique de <lieu type="obj" n="2">l’espace</lieu></dyn>.</phrase>
  <phrase>Ne vous faites jamais les complices d’<perc type="axiol" pol="neg" n="1">un acharnement</perc> à <dyn n="1"><perc type="boul" n="1">vouloir</perc> tout tenir, tout construire, tout recomposer</dyn>.</phrase>
  <phrase>Opposez-vous, au contraire, à ceux qui amoncellent un fatras d’objets, parfois bien dessinés et très photogéniques, mais qui participe à la surcharge générale du paysage.</phrase>
  <phrase>La responsabilité du <dyn accompli="non" n="1">projet sur <lieu type="obj" n="1">l’espace</lieu></dyn> est bien celle d’y <dyn n="2">ordonner des choses</dyn> mais elle est aussi souvent celle de <dyn nature="abs" n="3">se priver de le faire</dyn>.</phrase>
  <phrase>8.</phrase>
  <phrase>Ouvrir son projet en cours.</phrase>
  <phrase>Les créateurs, les maîtres d’œuvre ont beaucoup de choses à dire sur ce qui préside à leur projet, mais plus rares sont les témoignages sur l’acte de projeter lui-même.</phrase>
  <phrase>Je pense qu’ils ont tort de vouloir taire l’errance de leur travail de projet.</phrase>
  <phrase>N’exhibant que le résultat d’un travail fait dans le secret de l’atelier, ils confortent ainsi l’incommunicabilité fondamentale du travail de création.</phrase>
  <phrase>Le projet a, bien entendu, comme visée ultime <dyn accompli="non" nature="modif">la transformation et <perc type="axiol" pol="pos">l’amélioration</perc> des <lieu type="obj">lieux</lieu></dyn>, mais il est, avant cela, une méthode.</phrase>
  <phrase>Rendre compte de cette démarche, c’est rendre accessible à tous (vos enseignants, aujourd’hui, et, demain, les décideurs, les usagers, les entreprises), l’enchaînement des décisions qui ont conduit à <dyn>la mise en forme proposée</dyn>.</phrase>
  <phrase>C’est donc leur donner les moyens d’intervenir judicieusement sur le cours de votre projet.</phrase>
  <phrase><lieu type="obj">L’espace</lieu> sur lequel vous travaillez devant être, après <dyn>sa réalisation</dyn>, ouvert à l’usage d’autrui, vous devez êtres attentifs aux conditions qui donnent à votre projet les meilleures chances d’entrer dans le concert des gens et des choses.</phrase>
  <phrase>9.</phrase>
  <phrase>Rester le gardien de son projet.</phrase>
  <phrase>Ouvrir le temps de son projet, rendre explicite ses différentes phases d’élaboration, sont une conduite souhaitable pour le faire partager et l’amender.</phrase>
  <phrase>Mais gardez-vous de laisser le corps du projet lui-même être envahi, accaparé, et finalement détourné par vos interlocuteurs !</phrase>
  <phrase>Seul le créateur peut garder le fil de la transposition, seul il peut assurer la cohérence et l’unité de son travail de mise en forme. Vous devez rester les gardiens vigilants de vos projets!</phrase>
</root>
