<?xml version="1.0" ?>
<root>
  <phrase>﻿Plaidoyer pour l’écologie festive Alfred Peter</phrase>
  <phrase>Trois paysagistes ont reçu le Grand Prix d’urbanisme : Michel Corajoud (mon maître), Alexandre Chemetoff (mon premier patron) et Michel Desvigne (un ami de promotion de l’École nationale supérieure du paysage de Versailles).</phrase>
  <phrase>Tous trois ont cette fibre territoriale, échelle à laquelle se joue <dyn accompli="non" nature="modif" proces="dur">la métropolisation</dyn> et qui est devenue mon principal domaine de travail.</phrase>
  <phrase>Ceci m’a permis de développer un concept, une méthode et un raisonnement économique : l’« inversion du regard » pour rendre le travail de projet à cette échelle plus efficace et opérationnel.</phrase>
  <phrase>C’est, j’en suis convaincu, en passant par cette échelle, avec une approche nouvelle, que <dyn accompli="non">va se concrétiser <lieu type="obj">la ville compacte et intense</lieu></dyn> que <perc type="boul+axiol" pol="pos">toutes les agglomérations cherchent et souhaitent</perc>.</phrase>
  <phrase>Comment en suis-je arrivé là ?</phrase>
  <phrase>Les acquis de l’enfance agricole dans les Vosges du Nord (0-18 ans) L’histoire a commencé dans les champs du petit village de Schillersdorf (300 habitants) dans les Vosges du Nord.</phrase>
  <phrase>Jusqu’à 18 ans, mon destin était tout tracé ; je savais presque tout du métier d’agriculteur.</phrase>
  <phrase>Labourer, herser, semer, traiter, faucher, moissonner n’avaient aucun secret pour moi.</phrase>
  <phrase>L’école était très accessoire, les résultats scolaires aussi.</phrase>
  <phrase>J’ai un souvenir mitigé de cette première étape de ma vie, celle où trois générations vivaient et travaillaient sous le même toit pour le même but.</phrase>
  <phrase>Tout a commencé dans l’ennui, dans un cadre très rigide lié à la religion protestante.</phrase>
  <phrase>Le bannissement de l’ostentatoire, la retenue (toute chose doit rester mesurée), l’inébranlable force des convictions constituèrent le cadre moral, renforcé par quelques sentences bien agricoles : « La météo est bien plus importante que le banquier ».</phrase>
  <phrase>Luther, Bach, Albert Schweitzer furent les premiers contacts avec le monde de la pensée et des arts.</phrase>
  <phrase>La déstructuration du métier d’agriculteur par les subventions européennes, comme l’artificialisation des cultures avec l’arrivée massive de la chimie, pesticides et engrais m’ont fait naître un doute sur l’avenir des métiers de la terre.</phrase>
  <phrase>La rupture fut brutale, le monde s’est effondré pour mes parents ; je me suis d’abord « réfugié » à Angers pendant deux ans en préparant un BTS horticole sans intérêt autre que celui de me présenter au concours de l’École du paysage de Versailles.</phrase>
  <phrase>Mais en repensant à cette période de mon enfance que j’ai toujours plus ou moins occultée, j’ai l’impression qu’elle fut peut-être plus déterminante que je ne pensais.</phrase>
  <phrase>Jacques Simon, père des paysagistes français, fils de forestier, a transposé dans ses projets toute son enfance passée dans les bois avec son père.</phrase>
  <phrase>En réutilisant ce savoir acquis dans ses parcs urbains, il a profondément changé la manière de conduire le végétal en ville.</phrase>
  <phrase>Peut-être, sans le savoir, suis-je dans cette voie ?</phrase>
  <phrase>Quatre années charnières passées à l’École nationale supérieure du paysage de Versailles (1979-1983) Ma transplantation dans un nouveau monde, dont je ne savais presque rien (le monde des arts), a été un choc énorme.</phrase>
  <phrase>L’école, alors dirigée par Roger Bellec, un personnage ressemblant physiquement à Karl Marx et intellectuellement à Daniel Cohn-Bendit fut le cadre de quatre années charnières qui m’ont profondément marqué, moi et toute une génération de futurs paysagistes qui n’ont pas trop mal réussi.</phrase>
  <phrase>L’influence de mes premiers maîtres a été d’autant plus forte que j’étais sur un terrain inconnu.</phrase>
  <phrase>Michel Corajoud, pédagogue exceptionnel, m’a donné confiance en valorisant toujours le meilleur de mes dessins très timides ; Alexandre Chemetoff a pris le relais ; il fut mon seul patron.</phrase>
  <phrase>Il m’a appris à travailler dans ce métier en m’obligeant à être rigoureux, précis et à aller droit à l’essentiel.</phrase>
  <phrase>J’étais fasciné par sa générosité et je garde précieusement dans ma bibliothèque le volume de La Pléiade des œuvres complètes d’Arthur Rimbaud qu’il m’a offert quand je suis parti au service militaire à Charleville-Mézières.</phrase>
  <phrase>J’avais aussi une admiration pour Alain Provost qui réalisait beaucoup et pour Bernard Lassus qui nous racontait de belles histoires.</phrase>
  <phrase>Pendant cette période charnière, j’ai rencontré Marie-Christine Bosquillon qui devint ensuite ma femme ; elle m’a permis de me former politiquement dans la galaxie du PSU.</phrase>
  <phrase>Michel Rocard avait déjà rejoint le parti socialiste en laissant ce petit parti sans héritier, mais je me souviens des conférences brillantes d’intellectuels, particulièrement Henri Lefebvre (Le Droit à la ville, 1968...).</phrase>
  <phrase>Mon ancrage politique à gauche et la conviction qu’une société a besoin d’utopies pour avancer se sont forgés à ce moment-là.</phrase>
  <phrase>Très vite, après ces quatre années très riches, quelques mois dans l’atelier d’Alexandre Chemetoff, et la naissance de mon premier fils Alexandre (forcément), s’est imposée la seule option possible pour un paysan : être son propre patron.</phrase>
  <phrase><lieu type="obj">Le littoral de Cagnes-sur-Mer</lieu>, avant (à gauche) et après (à droite) <dyn nature="repr" proces="iter">réhabilitation du <lieu type="obj">site</lieu></dyn>.</phrase>
  <phrase><lieu type="loc">Cagnes-sur-Mer</lieu> : <dyn nature="modif">le traitement de <lieu type="obj">l’espace public</lieu></dyn> <perc type="axiol">sobre</perc> et <perc type="axiol">appropriable</perc></phrase>
  <phrase>Le littoral méditerranéen entre Nice et Antibes est usé.</phrase>
  <phrase>Le tronçon de Cagnes-sur-Mer d’une longueur de 3 km concentrait tous les ingrédients de la disqualification : architecture médiocre, voie rapide créant une forte coupure entre ville et mer, promenade inconfortable, plantations sporadiques...</phrase>
  <phrase><dyn nature="repr" proces="iter" n="1">Réhabiliter <lieu type="obj" n="1">ce site</lieu></dyn> a consisté en premier lieu à <dyn nature="modif" n="2"><perc type="axiol" n="2">civiliser <lieu type="obj" n="2">cette voie rapide</lieu></perc></dyn> <dyn nature="destr" n="3">en supprimant <lieu type="obj" n="3">deux voies de circulation</lieu>, <lieu type="obj" n="3">les échangeurs dénivelés</lieu>, <lieu type="obj" n="3">les passages piétons souterrains sinistres et rares</lieu></dyn>, sans créer de report de trafic.</phrase>
  <phrase>La contribution de l’ingénieur suisse de la mobilité, Philippe Gasser, a été déterminante pour régler un système circulatoire complexe dans un espace limité.</phrase>
  <phrase><dyn n="1"><lieu type="obj" n="1+2">L’espace</lieu> gagné</dyn> <lieu type="loc" n="1">sur la voirie</lieu> <dyn n="2">a été redonné</dyn> aux commerces et établissements de restauration, <lieu type="loc" n="2">côté ville</lieu>, et pour une promenade cyclable, côté mer.</phrase>
  <phrase><cause n="4"><dyn proces="iter" n="1">Renouvellement des <lieu type="obj" n="1">établissements de restauration</lieu> <lieu type="loc" n="1">sur la plage</lieu></dyn></cause>, <cause n="4"><dyn nature="modif" n="2">traitement séquencé</dyn></cause>, <cause n="4"><dyn nature="crea" n="3">plantations généreuses</dyn></cause> <res n="1+2+3"><dyn nature="repr" proces="iter" n="4">ont redonné à <lieu type="obj" n="4">ce site merveilleux</lieu> <perc type="axiol" pol="pos" n="4">son charme</perc></dyn></res> et entraîné <res n="1+2+3"><dyn nature="repr" proces="iter" n="5">une réhabilitation architecturale <lieu type="obj" n="5">de nombreux bâtiments sur le front de mer</lieu></dyn></res>.</phrase>
  <phrase>Avec le bureau d’études Ingerop et grâce à la ténacité du maire de Cagnes-sur-Mer, Louis Nègre, s’est réalisé un miracle sur la Côte d’Azur.</phrase>
  <phrase>Ce projet représente parfaitement le style de l’atelier qu’on peut résumer en trois mots : simplicité, authenticité, sobriété.</phrase>
  <phrase>L’histoire de mon atelier d’« écologie créative » créé en 1985</phrase>
  <phrase>Bien entendu, le seul endroit au monde pour ouvrir mon atelier était l’Alsace, terre de mes racines.</phrase>
  <phrase>J’avais envie aussi de prendre quelques distances avec le parisianisme que je sentais très centré sur lui-même.</phrase>
  <phrase>À Strasbourg, je retrouvais une culture transfrontalière qui convient mieux à mon envie d’être « un citoyen européen né en France ».</phrase>
  <phrase>Les premières années n’ont pas été faciles, car à cette époque, à part pour quelques architectes éclairés comme Guy Clapot ou Christian Plisson qui me faisaient travailler, le paysagiste restait le spécialiste des jardins.</phrase>
  <phrase>Cette association de l’image de la profession au monde des parcs et jardins m’agaçait : trop restrictive, trop mondaine, pas assez sociétale.</phrase>
  <phrase><act type="pers_ind">Je</act> <dyn accompli="non" nature="crea">n’ai d’ailleurs pas réalisé <lieu type="obj"><res>un seul parc ou jardin</res></lieu></dyn> <tps axe_temp="pas" type="dur">en trente ans</tps>, à part le mien le dimanche.</phrase>
  <phrase>C’est l’époque des tâtonnements, de nombreux concours perdus, l’époque où mon travail était indissociable de celui des architectes, plus ou moins affiliés à l’« école Ciriani », pour lesquels le travail du paysage était le prolongement de l’objet architectural.</phrase>
  <phrase>C’était une école monothéiste, mais très exigeante.</phrase>
  <phrase>Il faut que je rende hommage aux organismes publics, comme certains CAUE, ou services de la DDE, qui m’ont soutenu dans ces années difficiles.</phrase>
  <phrase>Mon atelier d’alors n’était séparé de l’école d’architecture que par un mur.</phrase>
  <phrase>Cette proximité rassurante et la collaboration épisodique avec certains professeurs, comme Diwi Dreysse, René Tabouret, Diego Peverelli, m’ont permis de faire mes premières incursions dans le monde de l’urbanisme à la grande époque de la composition urbaine.</phrase>
  <phrase>J’étais très admiratif à ce moment-là de Bernard Huet qui m’a dit : « Le paysage se travaille au centimètre et au kilomètre ».</phrase>
  <phrase>En 1990, j’ai embauché ma première salariée Sylvie Debœuf (qui est toujours à l’atelier), car les projets commençaient à changer d’échelle avec l’incursion de mon travail dans <dyn accompli="non">les projets d’<lieu type="obj">infrastructures de transport</lieu></dyn>.</phrase>
  <phrase><perc type="axiol" pol="pos"><act type="pers_ind">Je</act> rêvais alors</perc> de <dyn nature="destr">supprimer <lieu type="obj">un maximum de ronds-points</lieu></dyn>, <perc type="axiol" pol="pos">ce que j’ai fini par réussir à faire</perc> ; je me présentais volontiers comme le « Round Point Killer ».</phrase>
  <phrase>Mais <tps n="1+2" type="dur">pendant</tps> que <act type="pers_ind" n="1">j</act>’en <dyn nature="destr" n="1">supprimais <lieu type="obj" n="1">un</lieu></dyn>, je constatais que <act type="pers_coll" n="2">les DDE</act> en <dyn nature="crea" n="2">créaient <lieu type="obj" n="2"><res n="2">dix</res></lieu></dyn>...</phrase>
  <phrase>Conscient de la limite des actions d’éclat, mes premières rencontres avec les ingénieurs suisses de la mobilité, tels Philippe Blanc (créateur de Transitec) ou Roland Ribi, m’ont révélé les vertus du travail transversal.</phrase>
  <phrase>Philippe Gasser, avec qui je rédige actuellement un livre sur les gares, et Samuel Maillot, ingénieur transport et mobilité urbaine, furent mes premiers grands partenaires « transversaux ».</phrase>
  <phrase>Samuel Maillot m’a tout naturellement rejoint quand j’ai changé de locaux en 2005 ; ce fut le premier acte de l’atelier d’écologie festive du 15 avenue de la Paix, à Strasbourg.</phrase>
  <phrase>Le changement d’échelle avec <dyn accompli="non">les projets croisant mobilité et aménagement</dyn> m’a amené naturellement à l’urbanisme.</phrase>
  <phrase>Et à nouveau, deux personnalités (toutes deux lauréates du Grand Prix de l’urbanisme) ont été décisives.</phrase>
  <phrase>Bernard Reichen, tel un général, m’a appris que <dyn accompli="non">le projet d’urbanisme</dyn> était avant tout une affaire de voie à trouver en s’appuyant sur les forces en présence.</phrase>
  <phrase>Il aime les guerres bien menées et j’adorais lui fournir de nouvelles munitions.</phrase>
  <phrase>Yves Lion, beaucoup plus intuitif, m’a initié aux forces des visions.</phrase>
  <phrase>L’épisode du <dyn accompli="non" n="1"><tps axe_temp="fut" n="1">devenir</tps> de <lieu type="obj" n="1+2">la tour Utrillo</lieu></dyn> <lieu type="loc" n="1">dans le quartier des Bosquets à Clichy-Montfermeil</lieu>, <dyn accompli="non" nature="destr" n="2">promise à la démolition</dyn>, <perc type="axiol" n="1">m’a profondément marqué</perc>.</phrase>
  <phrase><perc type="axiol" pol="neg" n="1">Viscéralement opposé</perc> aux <dyn nature="destr" n="1">démolitions</dyn>, <act type="pers_ind" n="2">il</act> s’était mis en tête d’en faire un symbole en <dyn nature="modif" n="2"><lieu type="obj" n="2">la</lieu> transformant</dyn> <res n="2">en antenne de la Villa Médicis</res>.</phrase>
  <phrase>J’ai vécu un moment exceptionnel pendant la consultation sur <dyn accompli="non">le Grand Paris</dyn> avec lui.</phrase>
  <phrase>Il m’a donné une place importante dans l’équipe Descartes à côté de personnalités comme David Mangin, Jean-Marc Offner, François Leclercq...</phrase>
  <phrase>D’autres champs disciplinaires se sont glissés dans mon travail ; en particulier, la géographie pour affiner <dyn accompli="non" n="1">les projets traitant de questions liées aux <lieu type="obj" n="1">territoires</lieu></dyn>.</phrase>
  <phrase>Je parle de géographie « active ».</phrase>
  <phrase>J’ai été très surpris récemment de constater que trois de mes projets illustraient un livre de géographie de Première : <dyn accompli="non" nature="repr" proces="iter" n="1">la remise en eau de <lieu type="obj" n="1">la baie du mont Saint-Michel</lieu></dyn>, le tramway de Strasbourg et le Lido de Sète.</phrase>
  <phrase>Je me verrais bien enseigner cette discipline à ces lycéens !</phrase>
  <phrase>Certaines sciences sociales entrent progressivement dans mon travail, en particulier la philosophie.</phrase>
  <phrase>Florence, ma fille philosophe, m’a ouvert cet univers à travers des échanges passionnants (deviens qui tu es...</phrase>
  <phrase>Nietzsche).</phrase>
  <phrase>Le philosophe Jean-Luc Nancy, avec qui j’ai eu le privilège de dialoguer en voisin, me donne des clés de compréhension du monde.</phrase>
  <phrase>Comme cette discussion récente sur l’impact des grandes catastrophes.</phrase>
  <phrase>Pur bonheur !</phrase>
  <phrase>Il y a cinq ans, j’ai ouvert un deuxième atelier à Lyon ; j’ai donc maintenant un pied dans le Rhin et l’autre dans le Rhône.</phrase>
  <phrase>C’est là que je vis avec Violaine Vaganay, rencontrée un soir dans une réunion publique à Audincourt.</phrase>
  <phrase>Elle m’apporte une nouvelle fraîcheur, une dose d’insouciance et me prouve chaque jour qu’on peut avoir de fortes responsabilités sans être rongé par les ambitions.</phrase>
  <phrase>En rédigeant cette biographie, je me rends compte que j’ai touché et réalisé énormément de choses.</phrase>
  <phrase>Grâce à cela, à 57 ans, j’ai l’impression que tout devient possible et cela me met en joie.</phrase>
  <phrase>J’essaie de la mettre au service de mon entourage, de mes projets et de tous ceux, nombreux, qu’il m’arrive de côtoyer.</phrase>
  <phrase>Je ressens aussi qu’une ligne de conduite que je n’avais jamais perçue traverse le temps, les thèmes et les projets.</phrase>
  <phrase>Le tramway de Strasbourg</phrase>
  <phrase>Lancé en 1994 par Catherine Trautmann, alors maire de Strasbourg, en lieu et place d’<dyn accompli="non" nature="crea" n="1">un projet de <lieu type="obj" n="1"><res n="1">métro automatique</res></lieu></dyn>, <dyn accompli="non" nature="crea" n="2">ce projet de transport public</dyn> <lieu type="loc" n="2">en surface</lieu> et en site propre a été le point de départ d’une « école française » des tramways mariant un projet de mobilité et <dyn accompli="non" n="3">un projet urbain</dyn>.</phrase>
  <phrase>Phénomène très rare, l’Atelier Alfred Peter a participé à ce projet depuis son lancement et, vingt ans après, y œuvre toujours !</phrase>
  <phrase>Ce travail <tps type="dur">dans la durée</tps> <dyn accompli="oui" nature="modif">a profondément transformé <lieu type="obj">la ville et son agglomération</lieu></dyn>. On peut avec cette expérience discerner trois phrases dans l’évolution de la pensée urbanistique autour de l’infrastructure :</phrase>
  <phrase>L’époque héroïque (1994-2000)</phrase>
  <phrase>Rejet quasi unanime du projet considéré comme un retour en arrière, une catastrophe pour la circulation, la ruine des commerçants...</phrase>
  <phrase>Le commencement a davantage porté sur la légitimité du projet que sur la manière de <dyn nature="crea">le construire</dyn> ; ce qui nous a laissé une grande liberté.</phrase>
  <phrase>Cinq ans après, Catherine Trautmann était réélue triomphalement à la tête de la municipalité strasbourgeoise, ce qui fut un signal fort pour d’autres villes hésitantes...</phrase>
  <phrase>L’époque « espaces publics » (2000-2006)</phrase>
  <phrase>Avec <dyn nature="crea" n="1">la construction des <lieu type="obj" n="1"><res n="1">2e et 3e lignes</res></lieu></dyn>, le projet a pris une dimension <dyn n="2">« aménagement urbain à grande échelle »</dyn> caractérisée par <dyn nature="modif" n="3">un traitement <perc type="axiol" pol="pos" n="3">très ambitieux</perc> des <lieu type="obj" n="3">espaces publics</lieu></dyn> ; le lancement de la politique des modes doux de déplacement et des grands parkings-relais extérieurs.</phrase>
  <phrase>L’époque « urbanistique » (2006-2014)</phrase>
  <phrase><dyn accompli="non" n="1">De grands projets</dyn>, soit de <dyn nature="repr" proces="iter" n="2">restructuration</dyn>, soit de <dyn nature="crea" n="3">développement urbain</dyn>, sont totalement imbriqués avec <dyn nature="crea" n="4">les extensions du <lieu type="obj" n="4">réseau</lieu></dyn>.</phrase>
  <phrase><dyn nature="crea" n="1">Le projet d’aménagement des <lieu type="obj" n="1">Deux-Rives</lieu></dyn> consistant à <dyn nature="crea" n="2">créer <lieu type="obj" n="2+3"><res n="2">une ville nouvelle</res></lieu></dyn> <lieu type="loc" n="2">sur les rives du Rhin</lieu> est l’illustration parfaite de cette aventure toujours en cours.</phrase>
  <phrase>D’un projet de mobilités en ville, le projet a glissé progressivement vers la ville des mobilités.</phrase>
  <phrase>Ode à la mer : à l’Estagnol (avant / après), l’étang de Pailletrice / Fenouillet met en scène le caractère lacustre du projet.</phrase>
  <phrase>Ode à la mer, Montpellier : naissance du « concept d’inversion du regard » <dyn accompli="non" n="1">Le projet <lieu type="obj" n="1">Ode à la mer</lieu></dyn> est une application concrète du <doc n="1">schéma de cohérence territoriale</doc>, <dyn nature="crea" n="2">réalisé</dyn> <act type="pers_coll" n="2">avec Bernard Reichen</act> <lieu type="loc" n="1+2">sur un territoire d’environ 1 000 ha situé au sud de Montpellier</lieu>.</phrase>
  <phrase>Il est partie prenante du <dyn accompli="non" n="1">projet <lieu type="obj" n="1">ÉcoCité</lieu></dyn> <lieu type="loc" n="1">de l’agglomération montpelliéraine</lieu>, basé sur <dyn nature="destr+repr+crea" proces="iter" n="2">la déconstruction / reconstruction d’<lieu type="obj" n="2">une zone commerciale</lieu></dyn> constituée d’une des plus grandes collections de « boîtes à chaussures » alignées le long d’une route à quatre voies ponctuée de plantureux ronds-points.</phrase>
  <phrase>Situé dans une zone très vulnérable aux inondations, Ode à la mer est un « projet nature » essentiellement hydraulique.</phrase>
  <phrase>Une trame bleue très généreuse circonscrit <dyn accompli="non" nature="crea" n="1"><lieu type="obj" n="2">les nouvelles limites urbanisables</lieu></dyn> et les <dyn nature="modif" n="2">qualifie</dyn>.</phrase>
  <phrase>Basé sur des études techniques très poussées, ce projet hydraulique démontre comment <dyn>faire de <lieu type="obj">la ville</lieu></dyn> avec une contrainte forte qui s’exprime en terme de projet et non de règlement.</phrase>
  <phrase>Vivre avec la menace doit démontrer qu’il est possible de ne pas opposer ville et nature, mais au contraire que les contraintes de l’une créent les conditions du <dyn nature="repr" proces="iter">renouvellement de <lieu type="obj">l’autre</lieu></dyn>.</phrase>
  <phrase>Enfin Ode à la mer induit <dyn nature="crea">de nouvelles <lieu type="obj"><res>formes urbaines construites</res></lieu></dyn> sur <doc>un « plan des bords »</doc> totalement inédit.</phrase>
  <phrase><dyn nature="crea">Ces nouvelles <lieu type="obj"><res>formes urbaines</res></lieu></dyn> d’<lieu type="loc">une ville éclatée en de multiples polarités denses et différenciées</lieu> permettent une autre manière de vivre avec les avantages de la ville (proximité des services et des commerces) et de la campagne (pratique des loisirs, se sentir en vacances chez soi...).</phrase>
  <phrase>Alfred Peter vu par Tomi Ungerer, vers 1992.</phrase>
  <phrase>Quelles utopies pour réenchanter l’urbanisme ?</phrase>
  <phrase>Le développement durable est-il l’idéologie de notre temps ?</phrase>
  <phrase>« Notre société est entrée dans une spirale d’accélération jamais connue dans l’histoire de l’humanité.</phrase>
  <phrase>La cadence de production de biens est telle qu’elle a perdu toute notion d’objectif, on est dans une absence totale de finalité » dit Jean-Luc Nancy.</phrase>
  <phrase>Seuls les catastrophes naturelles ou accidents majeurs nous ramènent épisodiquement à certaines réalités.</phrase>
  <phrase>Nous sommes entrés dans un moment d’usure de notre société.</phrase>
  <phrase>Le développement durable se pose comme un contre courant à cette course dans le néant, mais peut-il devenir un référentiel offert à l’humanité entière comme le furent l’universalisme des Lumières puis le capitalisme triomphant ?</phrase>
  <phrase>Il a fait l’objet de plusieurs traités internationaux, dont le protocole de Kyoto (1998), très médiatisé.</phrase>
  <phrase>Il est basé sur un problème planétaire — le risque environnemental — et la relation avec la nature y tient un rôle central.</phrase>
  <phrase>Ce cadre idéologique se traduit dans les villes françaises à travers les Agendas 21.</phrase>
  <phrase>Les orientations concernent essentiellement le développement des transports publics, des modes doux, du traitement de l’eau, de la production de la biodiversité, de la promotion des circuits courts, des écoquartiers, de l’isolation des habitations, etc.</phrase>
  <phrase>Les Agendas 21 donnent davantage des objectifs à atteindre que des méthodes pour y parvenir.</phrase>
  <phrase>L’analyse des programmes électoraux des scrutins municipaux du 23 et 30 mars 2014 montre que la tendance générale est de réduire la voilure de l’investissement.</phrase>
  <phrase><dyn nature="abs" n="1">Un grand nombre de projets structurant est abandonné</dyn> (<dyn nature="repr" proces="iter" n="2">le retraitement de <lieu type="obj" n="2">l’autoroute A4</lieu></dyn> <lieu type="loc" n="2">à Reims</lieu>, <dyn accompli="non" n="3">le projet Oz</dyn> <lieu type="loc" n="3">à Montpellier</lieu>).</phrase>
  <phrase>Parallèlement, les projets liés au développement durable souvent moins coûteux que les grands équipements montent en puissance.</phrase>
  <phrase><act type="pers_ind" n="1+2">Anne Hidalgo, maire de Paris</act>, <perc type="axiol" n="1+2">s’est engagée</perc> à <dyn accompli="non" nature="modif" n="1">végétaliser <lieu type="obj" n="1">100 ha de toiture</lieu></dyn> et à <dyn accompli="non" nature="crea" n="2">planter <res n="2">20 000 arbres</res></dyn>.</phrase>
  <phrase>Pour Johanna Rolland <lieu type="loc" n="1+2">à Nantes</lieu>, la Loire est au cœur du <dyn accompli="non" n="1">projet urbain de <lieu type="obj" n="1">l’agglomération</lieu></dyn>, avec en particulier <dyn nature="crea" n="2">la création de <lieu type="obj" n="2"><res n="2">logements flottants</res></lieu></dyn>.</phrase>
  <phrase>À <lieu type="loc">Strasbourg</lieu>, <act type="pers_ind">Roland Ries</act> <dyn accompli="non" nature="modif">va transformer <lieu type="obj">un magnifique bâtiment de centre-ville</lieu>, <lieu type="obj">ancien musée d’art moderne</lieu></dyn> <res>en marché couvert pour les producteurs du circuit court</res>.</phrase>
  <phrase>À Besançon, Jean-Louis Fousseret veut combattre la précarité énergétique du parc ancien de logements grâce à une gratification financière à destination des particuliers...</phrase>
  <phrase>À <lieu>Lyon</lieu>, <act type="pers_ind">Gérard Collomb</act> va mettre l’accent sur la qualité de vie <dyn accompli="non" nature="crea">en réalisant <lieu type="obj"><res>la « ville jardinée »</res></lieu></dyn> pensée par Michel Desvigne...</phrase>
  <phrase>D’une manière générale, on peut donc constater que le durable est entré dans les programmes davantage comme un catalogue d’actions que dans la transcription d’une véritable pensée systémique.</phrase>
  <phrase>Les projets sont encore très souvent sectoriels, à court terme.</phrase>
  <phrase>Et ailleurs ?</phrase>
  <phrase>En rendant visite récemment à mon fils Jean-Baptiste, jeune architecte, installé à Hyderabad, j’ai pu observer comment travaillent les architectes et urbanistes indiens.</phrase>
  <phrase>Le décalage entre une ville stable comme Fribourg où il existe un fort sentiment collectif et Bombay (25 millions d’habitants) montre à quel point il est difficile de définir un modèle sur des réalités aussi diverses.</phrase>
  <phrase>Seuls les principes d’action : réversibilité, précaution, approche globale et transversalité sont des principes partageables.</phrase>
  <phrase>Voici comment je ressens le contexte actuel : nous sommes dans un début de cycle extrêmement stimulant.</phrase>
  <phrase>Il faut apprendre à marier la vertu avec des produits de crise.</phrase>
  <phrase>C’est une des grandes leçons que j’ai tirée de l’écologie allemande.</phrase>
  <phrase>Les écoquartiers ne sont que la partie visible d’un processus profond qui traverse tous les aspects de la vie économique et sociale du pays, une esthétique écologique commence d’ailleurs à se dessiner grâce notamment aux nouveaux modes de vie. À quoi pourrait ressembler <dyn accompli="non"><lieu type="obj">cette ville</lieu> du <tps axe_temp="fut">futur</tps></dyn> en <lieu type="loc">France</lieu> ?</phrase>
  <phrase>Individuation et réassurance Toute idéologie a besoin de vitrines.</phrase>
  <phrase>La plus belle pour moi, c’est l’aéroport de Tempelhof au cœur de Berlin : 386 ha dédiés à la liberté (c’est plus que Central Park !).</phrase>
  <phrase><dyn accompli="oui" nature="crea" n="1"><lieu type="obj" n="1">Un lieu</lieu> ouvert</dyn> <tps axe_temp="pas" absolu="oui" n="1">en 2010</tps> et après de longues discussions (planification horizontale), <act type="pers_coll" n="2">la ville</act> a décidé de <dyn n="2">mettre <lieu type="obj" n="2">cet espace</lieu> à disposition des habitants</dyn>.</phrase>
  <phrase><lieu type="obj">Tempelhof</lieu> <dyn nature="modif">est devenu <res>un espace de liberté</res></dyn> où tous les âges et toutes les catégories sociales cohabitent...</phrase>
  <phrase>et <dyn accompli="non" nature="abs"><lieu type="obj">ce lieu</lieu> non aménagé</dyn> prend des airs de Cité idéale.</phrase>
  <phrase>Ce lieu démontre de manière festive que <lieu type="obj" n="2+3"><dyn n="1">la ville durable</dyn></lieu> <dyn n="2">ne se fera pas contre <act type="pers_coll" n="2+3">les habitants</act></dyn>, ne leur sera pas imposée, mais <dyn n="3">se fera avec eux</dyn>.</phrase>
  <phrase>Il faut acter que nous sommes dans une société de la connaissance que nos concitoyens sont de plus en plus informés, ont une capacité d’expertise de plus en plus grande et veulent avoir voix au chapitre.</phrase>
  <phrase>Cela veut dire que <lieu>la ville</lieu> <dyn>se fera</dyn> <tps>désormais</tps> <perc type="axiol">avec des coûts de transaction sociale élevée</perc>.</phrase>
  <phrase>Il va falloir donner du temps à la consultation et à la concertation.</phrase>
  <phrase>Trouver la voie de ces modalités d’association ne va pas de soi parce que cela pose la question de la légitimité de la décision.</phrase>
  <phrase>Les nouvelles technologies (cette révolution que personne n’a vu venir) permettront une relation beaucoup plus horizontale, plus ouverte.</phrase>
  <phrase>Cela remet en cause aussi la façon de travailler du maître d’œuvre que je suis.</phrase>
  <phrase>Travailler horizontalement demande beaucoup d’humilité et d’empathie.</phrase>
  <phrase>Il faut intégrer la nécessité de permettre à tous les urbains de pouvoir développer dans la ville des parcours adaptés à leurs désirs, leurs besoins, leurs envies.</phrase>
  <phrase>Mais en même temps, nous sommes dans une société où l’incertitude s’accroît, où le devenir de chacun est de plus en plus aléatoire.</phrase>
  <phrase>Cela nourrit, comme le dit Marie-Christine Jaillet, chercheuse au CNRS, une très forte demande de réassurance.</phrase>
  <phrase>Je souscris à son affirmation que <dyn accompli="non"><lieu type="obj">la ville</lieu> de <tps axe_temp="fut">demain</tps></dyn>, c’est la capacité de répondre à deux aspirations contradictoires : besoin d’individuation et organisation d’un cadre permettant de réassurer l’individu.</phrase>
  <phrase>Cette manière de <dyn accompli="non" nature="crea" n="1">concevoir <lieu type="obj" n="1"><dyn n="2"><res n="1">la ville durable</res></dyn></lieu></dyn> signifie que considérer celle-ci comme cadre spatial bien structuré et stable est une vue de l’esprit...</phrase>
  <phrase>Tempelhof est un précurseur et pour être sincère, j’y trouve autant de plaisir que dans les espaces parfaitement organisés.</phrase>
  <phrase>La capacité d’imagination des citoyens pour la piste de décollage restée en l’état a été un révélateur pour moi.</phrase>
  <phrase>Devenir un « dessinateur public » prêtant sa main à cette énergie me tente.</phrase>
  <phrase>Il va falloir trouver de nouveaux cadres pour rendre cela possible...</phrase>
  <phrase>Humaniser les grandes infrastructures et développer la fluidité lente</phrase>
  <phrase>Dans un monde qui bouge, être assigné à résidence est la pire des frustrations.</phrase>
  <phrase>Vu sous l’angle social, pouvoir se déplacer facilement est une opportunité pour trouver du travail, se cultiver, agrandir son réseau social.</phrase>
  <phrase>Vue sous l’angle libéral, la mobilité se traduit par le droit de choisir le mode de déplacement le plus performant dans un système de réseaux mis en concurrence et pour le militant écologique, le bon voyage est celui qui ne se fait pas.</phrase>
  <phrase>Voyager n’a jamais été aussi facile et aussi peu cher.</phrase>
  <phrase>Cette liberté acquise ne peut plus être remise en cause.</phrase>
  <phrase>C’est la manière de le faire qui pose question et les conséquences que cela engendre sur les tissus urbains.</phrase>
  <phrase>Le problème de la congestion automobile est un problème mondial.</phrase>
  <phrase>La progression impressionnante et constante du « vivre en ville » ne peut dans les deux décennies à venir qu’accentuer cet état de fait (New York + 17 %, Bombay + 25 %, Pékin + 40 %...).</phrase>
  <phrase>Or, si les progrès technologiques peuvent dans un délai raisonnable, laisser penser qu’ils pourront régler les questions de pollution, il n’en est pas de même pour le problème de l’encombrement.</phrase>
  <phrase>La réponse classique « plus de mobilité = plus d’infrastructures » est une fuite en avant de plus en plus coûteuse et engendre <dyn><perc type="axiol" pol="neg">des dégâts parfois irréversibles</perc> sur <lieu type="obj">les tissus urbains</lieu></dyn> et la qualité de la vie.</phrase>
  <phrase>Dans un article paru dans la Süddeutsche Zeitung le 7 mai 2014, dédié aux <dyn nature="modif">évolutions de <lieu type="obj">la rue</lieu></dyn> <tps axe_temp="pas" type="dur">à travers le XX e siècle</tps>, le journaliste Gerhard Matzig écrit que dans la période d’après-guerre, l’urbanisme a capitulé face aux planificateurs des infrastructures de transport.</phrase>
  <phrase>Quand on voit que l’autoroute du Sud avec ses huit voies a pu arriver jusqu’à la Porte d’Aix à Marseille, c’est-à-dire à quelques centaines de mètres du Vieux Port, on mesure concrètement la puissance qu’a eue cette technostructure...</phrase>
  <phrase><act type="pers_coll" n="1">Nous</act> <dyn nature="repr" proces="iter+dur" n="1">réaménageons <tps axe_temp="pres" type="dur" n="1">actuellement</tps> <dyn n="2"><lieu type="obj" n="1+2">ce site éventré</lieu></dyn></dyn>, <dyn accompli="non" nature="modif" proces="dur" n="3">en raccourcissant <lieu type="obj" n="3">l’autoroute du Sud</lieu></dyn>, pour réconcilier urbanité et mobilité adaptée.</phrase>
  <phrase>Un autre constat est la grande difficulté de marier la logique des grands réseaux décrits ci-dessus avec les déplacements courts, ceux de la vie quotidienne.</phrase>
  <phrase>La fluidité lente se développe très timidement et cela va de pair avec la notion de ville conviviale qui revient sur le devant de la scène.</phrase>
  <phrase>Les villes agréables à vivre sont souvent celles dans lesquelles on a envie de marcher à pied.</phrase>
  <phrase>Développer la lenteur remplace le paradigme de la vitesse au cœur des villes.</phrase>
  <phrase>Nous travaillons avec la Communauté urbaine de Bordeaux sur l’application de cette idée qui concrétise l’inversion des priorités : d’abord on installe le piéton, puis les modes doux, puis les transports publics, et enfin la voiture prend ce qui reste.</phrase>
  <phrase>L’hégémonie de celle-ci a déjà été sérieusement écornée par le come-back des tramways ; une seconde salve est en préparation avec les moyens moins lourds pour <dyn nature="repr" proces="iter">rétablir un équilibre des usages des <lieu type="obj">voies</lieu></dyn>.</phrase>
  <phrase>C’est <dyn><perc type="axiol">un bouleversement énorme</perc> <lieu>dans nos villes</lieu></dyn>, mais cela ne doit pas se faire sur le mode de la revanche.</phrase>
  <phrase>Toute action pour moi doit être guidée par le principe du plaisir et du bon sens.</phrase>
  <phrase>Penser territoire</phrase>
  <phrase>Abordons maintenant un dernier domaine qui m’est cher : celui du <dyn accompli="non">projet territorial</dyn>.</phrase>
  <phrase>Raisonner « territoire » renvoie à une question d’actualité avec le redécoupage institutionnel qui se prépare.</phrase>
  <phrase>Prenons l’exemple du territoire Rhin Supérieur que je connais bien.</phrase>
  <phrase>Il est bordé à l’ouest par les Vosges, à l’est par la Forêt noire ; au milieu coule le Rhin ; une géographie limpide.</phrase>
  <phrase>Il contient sept villes (Karlsruhe, Baden-Baden, Strasbourg, Colmar, Fribourg, Mulhouse et Bâle) ; sept voies ferrées parallèles nord-sud (quatre en Allemagne, trois en France), trois aéroports, des universités, des opéras, plus de cent musées, dix palais d’expositions, des industries de pointe, des institutions européennes.</phrase>
  <phrase>C’est vertigineux !</phrase>
  <phrase>Pourtant chaque agglomération fonctionne comme si elle était seule au monde.</phrase>
  <phrase><perc type="axiol">Malgré la crise</perc>, <lieu type="obj"><res>les projets similaires et concurrents</res></lieu> <dyn accompli="non" nature="crea" proces="dur">se construisent</dyn> <perc type="axiol">sans aucune concertation</perc>.</phrase>
  <phrase>Nous sommes dans un univers concurrentiel certes, mais dans un système mondialisé, ce qui compte d’abord, c’est la masse critique.</phrase>
  <phrase>Ne pourrait-on pas, avant une réforme d’envergure comme celle qui se prépare avec <dyn n="1">la fusion de <lieu n="1">régions</lieu></dyn>, <dyn nature="crea" n="2">la création de <lieu n="2"><res n="2">métropoles</res></lieu></dyn> et <dyn nature="destr" n="3">la disparition des <lieu n="3">départements</lieu></dyn>, <dyn accompli="non" proces="dur" n="4">prendre du temps pour faire de vrais projets de <lieu type="obj" n="4">territoires</lieu></dyn> ?</phrase>
  <phrase>Définir ce qui a fait sens avant de redéfinir les contours ?</phrase>
  <phrase>Les régions qui vont gagner sont celles qui sauront se différencier en soignant leur identité, grâce à laquelle elles construiront des projets d’autant plus attractifs qu’elles sont ouvertes.</phrase>
  <phrase>Les économies urbaines vont fonctionner en réseau et les villes devenir de plus en plus acteurs dans un système de flux ouverts.</phrase>
  <phrase>Cette réalité nous oblige, nous urbanistes, à penser territoire, rechercher la bonne échelle.</phrase>
  <phrase>En cela, la géographie, le paysage sont des éléments très précieux pour intervenir de manière pertinente et ciblée.</phrase>
  <phrase>* * *</phrase>
  <phrase><dyn nature="modif" n="1">Le traitement des <lieu type="obj" n="1">espaces publics</lieu></dyn>, la conception d’infrastructures de mobilité, coordonnés avec <dyn accompli="non" n="2">des projets urbains</dyn> et la Nature associée aux <dyn accompli="non" n="3">projets de territoire</dyn> ont été mes principales occupations depuis la création de mon atelier.</phrase>
  <phrase>Dans chaque domaine d’intervention, <act type="pers_ind">j</act>’<dyn accompli="oui" nature="crea">ai beaucoup réalisé</dyn>, grâce à <act type="pers_coll">mon équipe fidèle d’une quinzaine de collaborateurs</act>, sans lesquels rien de tout cela n’aurait été possible.</phrase>
  <phrase>À chaque étape de ma vie professionnelle, j’ai fait des incursions dans les métiers des autres pour m’en nourrir et créer des démarches hybrides ; c’est ma principale source d’inspiration.</phrase>
  <phrase>Ces trente années sont passées vite et, si on me qualifie parfois d’incorrigible optimiste, c’est que je ne vois aucune raison d’être autrement.</phrase>
  <phrase>Même si la machine à nous créer des problèmes tourne à plein régime, même si tout n’a pas été toujours facile, je n’arrive pas à imaginer la vie autrement qu’intense, inattendue, joyeuse.</phrase>
  <phrase>On me dit souvent que j’ai un rire communicatif, j’adore ce compliment.</phrase>
  <phrase>Le slogan de l’équipe Descartes dans le Grand Paris a été : « Ce qui serait extraordinaire serait d’améliorer l’ordinaire ».</phrase>
  <phrase>Il résume bien le sens de mon travail.</phrase>
  <phrase>Je ne sens pas le besoin de faire des actions d’éclat pour exister.</phrase>
  <phrase>Mais j’ai besoin de sentir autour de moi une grande famille qui m’aime, avec laquelle je peux tracer mon chemin sereinement.</phrase>
  <phrase>Avec la nomination au Grand Prix de l’urbanisme, je sens que la grande famille des urbanistes m’accepte en son sein.</phrase>
  <phrase>C’est une immense satisfaction.</phrase>
  <phrase>LE DÉSIR : MOTEUR DU MARCHEUR</phrase>
  <phrase>Alfred Peter et Samuel Maillot, dans Ariella Masboungi (dir.), Ville et Voiture, Marseille, Parenthèses, 2015.</phrase>
  <phrase>« On aura beau tenter d’affiner les dimensions, le marcheur ne sera au rendez-vous que si l’espace est suffisamment tentant.</phrase>
  <phrase>Ce n’est pas le 1,50 m réglementaire de largeur de trottoir qui va rendre désirable un trajet, mais une terrasse accueillante, un bel arbre, une exception architecturale mise en valeur ; tout ce qui fait la richesse et la beauté de nos environnements urbains.</phrase>
  <phrase>Cette vision hédoniste plus que technicienne refuse cependant une posture purement esthétique : les propositions modifient parfois en profondeur les “habitudes” d’un site, notamment routières.</phrase>
  <phrase>La confluence des résultats “techniques” (études de circulation et de stationnement par exemple) et les objectifs de qualité spatiale s’imposent à tout projet pertinent et pérenne.</phrase>
  <phrase>Donner de l’ampleur aux espaces de l’alternatif et augmenter leur confort, c’est aussi renverser des “traditions” : <dyn nature="crea">réaliser en enrobé <lieu type="obj"><res>des trottoirs piétons</res></lieu></dyn> tandis que les vélos s’accommodent d’un pavage <perc type="axiol" pol="neg">frôle le contresens</perc> mais<cause> résulte d’une écoute attentive des besoins de chaque mode de mobilité</cause>.</phrase>
  <phrase>De même, <doc>les plans de plantation</doc> qui <dyn nature="crea" n="1">créent <lieu type="obj" n="1"><res n="1">une canopée</res></lieu></dyn> atténuant les effets d’îlot de chaleur <dyn nature="modif" n="2">font évoluer les profils des <lieu type="obj" n="2">voies</lieu></dyn>. L’attention accordée aux petites choses semble faire corps avec notre culture urbaine : rencontrer à Pompéi et à Montréal, à travers le temps et l’espace, le même soin porté au détail de l’espace public en est la meilleure preuve ! »</phrase>
</root>
