<?xml version="1.0" ?>
<root>
  <phrase>﻿Agence TVK</phrase>
  <phrase>Pierre Alain, parisien et haut-alpin, autant citadin que montagnard, quelques origines italiennes mais Trévelo, un nom breton, voulait faire du cinéma, étudiant à Paris puis Harvard, vrai skieur et père de deux filles.</phrase>
  <phrase>Antoine, normand et alsacien, Viger et Kohler, enfant puis adolescent dans <dyn accompli="oui" nature="crea"><lieu type="obj"><res>la ville</res></lieu> nouvelle</dyn> de <lieu type="loc">Val-de-Reuil</lieu>, étudiant à Paris, voulait faire de la musique, vrai cycliste et père de trois enfants.</phrase>
  <phrase>Chacun de nous a trois initiales, avec un prénom ou un nom double et, sans hasard ni stratégie, notre duo aussi en a trois.</phrase>
  <phrase>Le fils d’Antoine est né le même jour que la fille de Pierre Alain...</phrase>
  <phrase>Il faut ce qu’il faut pour former un couple uni d’architectes.</phrase>
  <phrase>Architectes.</phrase>
  <phrase>Architectes urbanistes. Architectes du territoire</phrase>
  <phrase>Amis depuis la fin de nos études d’architecture, entre les écoles de Paris-Belleville et de Paris-Tolbiac, nous fondons ensemble en 1998 l’association Tomato et réunissons un groupe de treize amis étudiants autour de l’idée de <dyn accompli="non">travailler sur <lieu type="obj">le territoire du boulevard périphérique de Paris</lieu></dyn> pour notre diplôme d’architecte.</phrase>
  <phrase>L’énigme de l’infrastructure : déchiffrer à ras du sol</phrase>
  <phrase>Le Périphérique a marqué nos débuts d’architectes-urbanistes et ne nous a jamais quittés.</phrase>
  <phrase>Nous sommes nés <tps axe_temp="pas" absolu="oui">en 1973</tps>, l’année de <dyn accompli="oui" nature="crea">naissance du <lieu type="obj">Périphérique</lieu></dyn>.</phrase>
  <phrase>Lorsque nous avons commencé à nous y intéresser, aucune vision prospective n’envisageait sans préjugés <dyn accompli="non">le devenir de <lieu type="obj">cette infrastructure majeure de la métropole</lieu></dyn>.</phrase>
  <phrase>Par ailleurs, <dyn n="1">peu de travaux</dyn> s’étaient aventurés à s’approcher de <lieu type="obj" n="1">ce monument honni</lieu> et à le <dyn accompli="non" n="2">questionner de manière créative</dyn>.</phrase>
  <phrase>Nous nous sommes donc « attaqués » au sujet sur l’ensemble de son périmètre, tentant d’en explorer toutes ses facettes.</phrase>
  <phrase>Durant un an et demi, à treize, nous avons réalisé un diplôme collectif atypique.</phrase>
  <phrase>Notre intuition consistait à prendre en main le Périphérique dans sa globalité en accordant une forte attention à la façon dont <lieu type="obj">l’ouvrage</lieu> <dyn accompli="oui" nature="crea">est construit</dyn> tout en comprenant finement la manière dont il traverse les différents sites de la ceinture parisienne.</phrase>
  <phrase>Le diplôme, soutenu en 1999 en tant que travail collectif avec son mémoire de 526 pages et ses huit projets, est devenu un livre en 2003 à l’occasion des 30 ans du Périphérique.</phrase>
  <phrase>Cette expérience, qui nous a donné le goût du travail collectif et a été notre premier « terrain », comme disent les anthropologues, s’est avérée déterminante et fondatrice pour la suite de notre carrière.</phrase>
  <phrase>Nous vivons à la fin des années quatre-vingt-dix un changement d’époque : l’attention au contexte redevenait un point de départ pour le projet.</phrase>
  <phrase>Le Périphérique nous a ainsi appris que nous héritions de situations urbaines à fort potentiel de projet pour peu qu’on prenne le temps de s’y intéresser dans toute leur complexité et de les arpenter.</phrase>
  <phrase>Des exemples asiatiques ou américains illustraient déjà <perc type="autre">la possibilité</perc> d’y <dyn accompli="non" nature="crea">inventer <lieu type="obj">des situations urbaines stimulantes et remplies d’usages</lieu></dyn>.</phrase>
  <phrase>Dans le cas parisien, le Périphérique est marqué d’une dimension symbolique essentielle à comprendre pour envisager, avec le temps, une appropriation culturelle et esthétique.</phrase>
  <phrase>C’est une architecture territoriale avec laquelle on négocie en utilisant ses atouts, notamment le point de vue qu’elle offre sur les paysages de part et d’autre : quand on se place sur la limite, celle-ci disparaît.</phrase>
  <phrase>Cette exploration s’est poursuivie dans le cadre d’une étude lancée en 2006 de concert par la Ville de Paris et la Région (une première).</phrase>
  <phrase>Elle se concrétise en 2008 par la publication de <doc>l’ouvrage No Limit</doc>, <doc>Étude prospective</doc> de <dyn accompli="non">l’insertion urbaine du <lieu type="obj">Périphérique parisien</lieu></dyn>.</phrase>
  <phrase>Pour élargir la compréhension du territoire, nous avons interrogé l’ensemble des communes riveraines afin de définir seize « identités métropolitaines », des territoires s’étendant de part et d’autre du Périphérique ayant chacun un caractère propre.</phrase>
  <phrase>Nous y avons sélectionné des situations urbaines témoignant de relations variées, et à différentes échelles, avec l’infrastructure, comme autant de supports à projets prospectifs, mais qui toutes partagent plusieurs conditions essentielles : le Périphérique est l’armature d’un grand espace ouvert métropolitain, à l’instar de la Seine ; le territoire du Périphérique n’est pas périphérique mais central ; la notoriété de ses nœuds en fait de possibles lieux de réunion de deux rives aux destins urbains similaires.</phrase>
  <phrase>PLACE DE LA RÉPUBLIQUE (PARIS) : À la fois lieu de manifestation et de commémoration, la place de la République a acquis un statut tout particulier dans l’imaginaire des Parisiens.</phrase>
  <phrase>Notre compréhension de ce paysage métropolitain guide aujourd’hui <dyn accompli="non" nature="modif">notre projet de transformation de <lieu type="obj">la porte de Montreuil</lieu></dyn> en vaste place-jardin étendue dans la ceinture verte.</phrase>
  <phrase>Au corps-à-corps avec les infrastructures : transformer le réel</phrase>
  <phrase>Partant de cette expérience collective initiatique, notre duo s’est renforcé peu à peu, d’abord à l’occasion d’un concours Europan qui s’intéressait au boulevard périphérique lyonnais (projet mentionné).</phrase>
  <phrase>Puis le concours pour la porte Pouchet jouxtant le périphérique parisien, remporté en 2003, a lancé TVK.</phrase>
  <phrase>Cette opportunité nous a fait quitter les ateliers dans lesquels nous exercions, pour faire équipe avec Michel Guthmann.</phrase>
  <phrase>Contrairement à nos concurrents, nous avons proposé de négocier avec le Périphérique en ouvrant un laboratoire urbain.</phrase>
  <phrase>Le Périphérique ne peut être réduit à un objet technique et fonctionnel.</phrase>
  <phrase>Il ouvre le champ à des espaces publics inédits à ses abords immédiats, voire juste en dessous.</phrase>
  <phrase>Considéré dans son épaisseur, associé au <dyn accompli="oui" nature="modif" n="1"><lieu type="obj" n="1">nivellement parfois complexe</lieu> qu’il a engendré</dyn> et qui définit <dyn accompli="non" n="2"><lieu type="obj" n="2">une profondeur</lieu> à investir</dyn>, il est possible de travailler avec lui de manière subtile.</phrase>
  <phrase>Pour cela, il faut prendre toute la mesure de cette infrastructure, la manière dont elle <dyn nature="modif" n="1">transforme <lieu type="obj" n="1">le sol</lieu></dyn> et <dyn n="2">reconfigure <lieu type="obj" n="2">les situations spatiales</lieu></dyn>, mais aussi dont elle <dyn n="3">s’associe aux <lieu type="obj" n="3">infrastructures qui la précèdent</lieu> : <lieu type="obj" n="3">le vaste cimetière des Batignolles</lieu>, <lieu type="obj" n="3">la ceinture verte</lieu> ou <lieu type="obj" n="3">la réserve autoroutière</lieu></dyn>.</phrase>
  <phrase><dyn accompli="non" n="1">Le projet urbain</dyn> devient une recherche d’appartenance territoriale, d’adhésion à la surface terrestre et de prolongement de ce qui existe par <dyn nature="modif" n="2">transformation</dyn> et <dyn nature="destr" n="3">non par effacement</dyn>.</phrase>
  <phrase><dyn n="1">Le projet de <lieu type="obj" n="1">la porte Pouchet</lieu></dyn> prend donc le lieu comme une géographie et s’appuie sur ses ressources variées pour inventer plusieurs dispositifs de projet : <dyn nature="crea" n="2">créer <lieu type="obj" n="2">un habitat</lieu></dyn> <lieu type="loc" n="2">le long de la rue Rebière qui borde le cimetière</lieu> ; <dyn nature="modif " n="3">réinterpréter et faire durer <lieu type="obj" n="3">le patrimoine inscrit dans une tour-infrastructure</lieu></dyn> avec <dyn nature="modif" n="4">la mutation de <lieu type="obj" n="4+5">la tour Bois-le-Prêtre</lieu></dyn> que <dyn nature="modif" n="5">réaliseront</dyn> <act n="5">les architectes Lacaton et Vassal</act> ; utiliser les imposants mouvements terrestres <dyn nature="crea" n="6">en installant, <lieu type="loc" n="6">dans la topographie de l’enceinte de Thiers</lieu>, <lieu type="obj" n="6">un édifice-sol pour les véhicules municipaux et pompiers</lieu> et <lieu type="obj" n="6">un stade</lieu></dyn> ; ou affirmer et consacrer l’espace public, là où l’usage dominant de l’époque, la voiture, l’avait temporairement confisqué.</phrase>
  <phrase>Donc, <lieu type="loc" n="1+2">sous le Périphérique</lieu>, <lieu type="obj" n="1">les géographies terrestre et humaine</lieu> se retrouvent et <dyn accompli="non" nature="maint" n="1">perdurent</dyn> dans <lieu type="obj" n="2">une place triangulaire singulière</lieu>, située en pleine terre, <dyn accompli="oui" n="2">dessinée</dyn> par <act n="2">l’agence TER</act>.</phrase>
  <phrase>Ce projet représente un laboratoire des différentes pratiques que nous avons cherché à développer par la suite autour de l’infrastructure, dont les leçons principales résident dans <dyn accompli="non" nature="abs+crea" n="2">l’inachèvement de <lieu type="obj" n="2+3+4">l’infrastructure</lieu></dyn>, sa capacité à <dyn accompli="non" nature="maint" n="3">perdurer</dyn> <dyn accompli="non" nature="modif" n="4">en se transformant</dyn>.</phrase>
  <phrase>Nous héritons de nombreuses situations urbaines dont les infrastructures qui parcourent nos villes <dyn accompli="non" nature="modif" n="1">façonnent <lieu type="obj" n="1+2+3">le relief</lieu></dyn>, le <dyn accompli="non" nature="modif" n="2">plissent</dyn> et le <dyn accompli="non" nature="modif" n="3">perforent</dyn> et <dyn accompli="non" nature="modif" n="4">produisent <lieu type="obj" n="4">autant de ruptures à franchir</lieu> que de <lieu type="obj" n="4">situations à exploiter</lieu></dyn>.</phrase>
  <phrase><dyn accompli="oui" n="1">Nos <tps axe_temp="pas" n="1">récents</tps> projets urbains</dyn> prennent la forme de <dyn accompli="oui" n="2">projets de <lieu type="obj" n="2">sol</lieu></dyn> qui <dyn n="3">construisent <lieu type="obj" n="3">des continuités</lieu></dyn> à partir de ce qui est là, <dyn n="4">installent <lieu type="obj" n="4">des chaînes d’espaces publics étagés</lieu></dyn>, et <dyn accompli="oui" nature="modif" n="5"><perc type="axiol" pol="pos" n="5">valorisent</perc> <lieu type="obj" n="5">les sols construits</lieu></dyn> tout en recherchant la pleine terre : à Val de Fontenay, de part et d’autre d’une énorme autoroute dont les deux sens enferment une station de RER, à Montpellier où se rencontrent la ville historique et le quartier Antigone, ou encore à La Défense où la dalle rejoint le sol naturel dans le quartier Michelet.</phrase>
  <phrase>ÉOLE-ÉVANGILE (PARIS) : Un des potentiels du Triangle Éole-Évangile tient à sa situation, offrant des vues sur le grand paysage des infrastructures.</phrase>
  <phrase><dyn accompli="non" n="1">Le projet</dyn> se construit <lieu type="loc" n="1">autour d’un grand jardin rétrocédé au public traversant toute la parcelle</lieu>, et d’<dyn nature="crea" n="2"><lieu type="obj" n="2"><res n="2">une nouvelle topographie</res></lieu> créée</dyn> à partir du <dyn nature="modif" n="3">nivellement des <lieu type="obj" n="3">franges du site</lieu></dyn>.</phrase>
  <phrase>Bâti en pierre massive porteuse, il est une occasion unique de redynamiser une filière de matériaux et des savoir-faire.</phrase>
  <phrase>Une architecture du sol</phrase>
  <phrase>Le concours remporté en 2010 pour <dyn nature="modif">la transformation de la place de <lieu type="obj">la République</lieu></dyn> <lieu type="loc">à Paris</lieu> a prolongé notre recherche initiée avec les territoires du Périphérique sur le potentiel de la notion d’infrastructure.</phrase>
  <phrase>Car <lieu type="obj">la place</lieu> est d’abord <dyn>un projet infrastructurel</dyn> : avec son sous-sol saturé de constructions, des ouvrages des cinq lignes de métro et de réseaux en tous genres, la place apparaît comme le toit d’un immense bâtiment souterrain !</phrase>
  <phrase>Et c’est un toit où se joue localement le lien avec une grande partie de la métropole parisienne.</phrase>
  <phrase>Nous y avons beaucoup appris quant à la ténacité nécessaire pour bousculer les habitudes et négocier les innombrables interfaces avec une multitude d’interlocuteurs.</phrase>
  <phrase>Il faut dire que nous avons proposé une alternative aux six schémas de circulation conçus par les services parisiens en amont du concours, parmi lesquels il nous était demandé de choisir pour élaborer le projet.</phrase>
  <phrase>Avec Philippe Gasser du bureau d’études Citec, nous avons proposé un dispositif inédit de réorganisation de l’ensemble des mobilités de la place avec <dyn n="1">l’arrimage de <lieu type="obj" n="1">la grande esplanade piétonne</lieu></dyn> <lieu type="loc" n="1">vers les bâtiments-palais au nord</lieu> <perc type="autre" n="2">permettant</perc> <dyn nature="crea" n="2">la création d’<lieu type="obj" n="2"><res n="2">une très vaste aire piétonne</res></lieu></dyn>, et la mise à double sens de circulation des grands boulevards jusqu’à la Madeleine.</phrase>
  <phrase>C’était selon nous la seule manière de concevoir un projet de mobilité ambitieux <perc type="autre">capable</perc> de <dyn accompli="non" nature="crea">définir <lieu type="obj">un espace public clair, lisible, évolutif et surtout ouvert à tous</lieu></dyn>.</phrase>
  <phrase><tps n="1+2">En un temps record</tps>, <perc type="autre" n="1">il a fallu</perc> <dyn accompli="oui" n="1">tout changer</dyn> <dyn accompli="oui" nature="abs" n="2">sans tout refaire</dyn>, avec <dyn accompli="oui" n="3">un chantier</dyn> <perc type="axiol" n="3">mené tambour battant</perc>, sans interrompre la circulation, <tps axe_temp="pas" absolu="oui" n="3">pour une livraison en 2013</tps>.</phrase>
  <phrase>Nous avons revendiqué d’étendre le périmètre du projet pour renouer un lien avec le territoire, et de sonder les profondeurs du sol pour agir en surface.</phrase>
  <phrase><dyn>Faire de <lieu type="obj">ce grand espace public parisien</lieu> <res>une infrastructure capable, un soubassement partagé et inaliénable, un sol ouvert hospitalier et disponible pour des utilisations aujourd’hui imprévisibles</res></dyn> <perc type="axiol">s’imposait</perc>.</phrase>
  <phrase>Mais ce projet a aussi été formateur pour saisir <perc type="axiol" n="1">l’importance</perc> du <dyn nature="modif" n="1">nivellement</dyn>, de la micro-topographie et du travail de très grande précision sur « l’architecture du sol » qui engage le déplacement du corps humain et la préhension de l’espace.</phrase>
  <phrase><perc type="autre">Il fallait impérativement réussir</perc> <dyn nature="modif">la mise à plat et la discrétion du <lieu type="obj">sol urbain</lieu></dyn>, dans une configuration chahutée, pour disposer de ce grand plateau, offrir une épure appropriable et évolutive qui forme aujourd’hui une scène favorisant tous les usages.</phrase>
  <phrase>Le contrôle absolu des pentes, des emmarchements ou des seuils rend à la place son unité, maximise les plantations et magnifie la composition paysagère du xixe siècle.</phrase>
  <phrase>La place a depuis vu se succéder les soubresauts de moments clés de l’histoire parisienne et française en alternance avec la poésie de la vie quotidienne, et a largement été médiatisée.</phrase>
  <phrase>Elle nous a permis de participer aux débats, si cruciaux pour nos villes et nos territoires, sur <dyn n="1">la conception des <lieu type="obj" n="1">espaces publics</lieu></dyn> et, plus tard, de <dyn accompli="non" nature="crea" proces="dur" n="2">continuer de concevoir <lieu type="obj" n="2">certaines places majeures</lieu></dyn> comme <lieu type="loc" n="2">à Lausanne</lieu> ou <lieu type="loc" n="2">à Rome</lieu>.</phrase>
  <phrase>Scénarisation vs planification</phrase>
  <phrase><perc type="axiol">Un autre moment significatif</perc> de <dyn>notre travail urbain et territorial</dyn> s’est joué lors de notre participation au conseil scientifique de l’Atelier international du Grand Paris à partir de 2012.</phrase>
  <phrase>Ce fut l’occasion de réfléchir, dans un cadre pluridisciplinaire, au <dyn accompli="non" n="1">devenir de <lieu type="obj" n="1">la métropole parisienne</lieu></dyn> ; d’<dyn accompli="non" n="2">envisager la portée des <lieu type="obj" n="2">infrastructures</lieu> sur le plan du temps, du récit et de la fiction</dyn>.</phrase>
  <phrase>Avec Martin Vanier et Daniel Béhar de la coopérative Acadie, nous nous sommes interrogés sur la manière dont <dyn accompli="non" nature="crea" n="1">une nouvelle <lieu type="obj" n="1"><res n="1">infrastructure territoriale</res></lieu>, <lieu type="obj" n="1">le Grand Paris Express</lieu></dyn>, <dyn accompli="non" nature="repr" proces="iter" n="2"><perc type="autre" n="2">pourrait</perc> réorganiser <lieu type="obj" n="2">le système métropolitain existant</lieu></dyn>.</phrase>
  <phrase>Et <perc type="autre">il a fallu s’attaquer</perc> à <dyn>la déconstruction du grand récit prophétique de <lieu type="obj">l’infrastructure métropolitaine</lieu></dyn> construite autour « d’un grand dessin d’aménagement », incapable à nos yeux de prendre en compte l’imprévisibilité du monde.</phrase>
  <phrase>On peut sans doute admettre qu’<act>un concepteur</act> <perc type="autre">ne peut plus raisonnablement</perc> <dyn accompli="non">penser prévoir ni déterminer le futur</dyn>, même armé d’un excellent plan.</phrase>
  <phrase>Nous avons petit à petit affirmé l’idée de « scénarisation » pour échapper à une planification trop fermée sur elle-même et obsédée par sa parfaite réalisation.</phrase>
  <phrase>Cette approche se base sur la construction temporelle des séries audiovisuelles.</phrase>
  <phrase>Elle part d’un constat : le rapport au temps est problématique en matière de <dyn accompli="non" n="1">projet urbain</dyn>, marqué par <dyn accompli="non" n="2">une planification qui « part » toujours du point final</dyn>, selon <perc type="axiol" pol="pos" n="2">l’idée que le futur est nécessairement mieux que le présent</perc> et que les conditions de vie d’un moment ne comptent finalement pas par rapport à un futur idéal figé.</phrase>
  <phrase>D’autant que l’obsession du point d’atterrissage est contre-productive : elle place les habitants en situation d’attente peu stimulante et peut conduire à une inertie, voire à des erreurs, face aux <perc type="axiol">imprévus inhérents</perc> aux <dyn>projets longs</dyn>.</phrase>
  <phrase>La robustesse d’un plan d’aménagement repose à l’inverse sur sa capacité à évoluer et à s’adapter aux évolutions du contexte.</phrase>
  <phrase>Le concours pour <dyn accompli="non" nature="crea" n="1">l’aménagement de <lieu type="obj" n="1">la friche Saint-Sauveur</lieu></dyn> <lieu type="loc" n="1">à Lille</lieu> puis <dyn accompli="non" nature="repr" proces="iter" n="2">le réaménagement de <lieu type="obj" n="2">l’autoroute E40</lieu></dyn> <lieu type="loc" n="2">à Bruxelles</lieu> nous <perc type="axiol" n="1+2">ont servi d’expérimentations</perc> pour élaborer cette méthodologie et en déployer les outils et les représentations.</phrase>
  <phrase>À chaque fois, <dyn>le projet</dyn> s’articule autour d’<perc type="axiol">un récit scandé en plusieurs saisons, à l’écoute du tempo des territoires et structuré par une ambition d’ensemble fondamentale et partagée par les acteurs</perc>.</phrase>
  <phrase>Chaque <perc type="axiol">« saison »</perc> du <dyn>projet</dyn> <perc>est une fin en soi, un moment de vie qui ouvre des possibles</perc>.</phrase>
  <phrase><lieu type="loc" n="1">À Dugny-La Courneuve</lieu> et <lieu type="loc" n="1">au Bourget</lieu>, pour <dyn accompli="non" nature="crea" n="1">la réalisation du <lieu type="obj" n="1">village des médias des Jeux olympiques de 2024</lieu></dyn>, <dyn n="2">la scénarisation</dyn> nous a permis d’envisager la question de l’héritage que représenteront les installations liées à un événement si éphémère.</phrase>
  <phrase>Ici, l’énonciation de fondamentaux, que les scénaristes de séries appellent la « bible », a servi de support à <dyn accompli="non">un projet de développement du <lieu type="obj">territoire</lieu></dyn> dont l’événement olympique ne constitue qu’un moment particulier.</phrase>
  <phrase>Avec l’étude pour les « Places du Grand Paris », nous avons répondu à <dyn accompli="non" n="1"><perc type="axiol" n="1">la tentative</perc> d’unification spatiale du <lieu type="obj" n="1">territoire</lieu></dyn> liée à <dyn accompli="non" nature="crea" n="2">l’arrivée des <lieu type="obj" n="2">gares du nouveau métro</lieu></dyn> par la proposition préalable de partager une culture commune de l’espace public autour d’une analyse très fine des <lieu type="loc" n="3">territoires</lieu> d’<dyn accompli="non" nature="crea" n="3">atterrissage des <lieu type="obj" n="3"><dyn accompli="non" nature="crea" n="4"><tps axe_temp="fut" n="4">futures</tps> gares</dyn></lieu></dyn>.</phrase>
  <phrase>L’étude propose une approche méthodologique collective du <dyn n="1">projet d’<lieu type="obj" n="1">espace public</lieu></dyn>, qui <perc type="autre" n="2">doit envisager</perc> <dyn n="2">l’arrivée de <lieu type="obj" n="2">l’infrastructure souterraine</lieu></dyn> tant dans la profondeur des sols et l’épaisseur temporelle que dans la portée territoriale qu’elle convoque.</phrase>
  <phrase>Elle a été publiée sous la forme d’un guide à destination des maîtres d’ouvrage et des maîtres d’œuvre, structuré par des principes engageant la négociation entre les acteurs, les échelles, les temporalités contrariées, les usages humains et les milieux naturels qui fabriquent <dyn>le projet d’<lieu type="obj">espace public</lieu></dyn>.</phrase>
  <phrase>La série servira de modèle à une forme d’écriture collective et de conception collaborative, faisant participer l’ensemble des « spécialistes » au travail de conception, de l’écologue à l’ingénieur en génie civil.</phrase>
  <phrase>PRINCIPES DE <dyn n="1">CONCEPTION DES <lieu type="obj" n="1">ESPACES PUBLICS</lieu></dyn> <lieu type="loc" n="1">AUTOUR DES GARES DU <dyn accompli="non" nature="crea" n="2"><tps axe_temp="fut" n="2">FUTUR</tps> MÉTRO DU GRAND PARIS EXPRESS</dyn></lieu> : Près de 20 % de la surface du sol de l’Île-de-France relève de l’espace public.</phrase>
  <phrase>Ce sol partagé est dépositaire tant de l’histoire passée que des enjeux civilisationnels à venir.</phrase>
  <phrase>Il constitue un bien commun essentiel, support du déplacement et de la rencontre dans la métropole.</phrase>
  <phrase>La Terre est une architecture</phrase>
  <phrase>Au long de <dyn n="1">ces multiples travaux et recherches sur <lieu type="obj" n="1">les territoires et leurs infrastructures</lieu></dyn>, influencés par nos lectures des philosophies et des sciences de la Terre, il nous est progressivement apparu qu’il faut dézoomer encore plus et sortir des débats sur le fait métropolitain qui hiérarchise et met de côté une très grande partie du sol terrestre.</phrase>
  <phrase>En 2015, à l’invitation de la Cité de l’architecture à Paris, nous avons décidé de nous confronter à l’échelle de la Terre lors d’une première exposition que nous avons organisée, intitulée « La Terre est une architecture ».</phrase>
  <phrase>Puis, à l’occasion de la xviie Biennale de Venise, nous avons été invités par Hashim Sarkis, commissaire de la Biennale, à présenter les résultats du programme de recherche initié en 2015.</phrase>
  <phrase>Reprenant ce titre, nous avons proposé un diptyque formé d’une œuvre monumentale accompagnée d’un livre.</phrase>
  <phrase>Ce projet s’ancre dans les débats contemporains sur les questions terrestres et part d’un constat : les humains sont, plus que d’autres, des animaux fragiles qui ont <perc type="autre">besoin</perc> de <dyn nature="modif" n="1">transformer <lieu type="obj" n="1">la matière terrestre</lieu></dyn> pour la rendre habitable.</phrase>
  <phrase>Le titre interroge la relation entre la Terre et l’architecture, et questionne cet antagonisme supposé et grandissant, en explorant la diversité des médiations entre la Terre et les humains.</phrase>
  <phrase>Parmi ces médiations, il en est une essentielle : l’infrastructure.</phrase>
  <phrase>Parce qu’elle permet d’habiter la Terre, l’infrastructure ne peut jamais se réduire à un objet technique, et ce point de vue influence concrètement notre façon de pratiquer <dyn n="1">le projet urbain</dyn>.</phrase>
  <phrase>Se confronter à l’échelle planétaire nous a ainsi permis de recharger le concept d’infrastructure comme médiation entre les humains et la Terre.</phrase>
  <phrase>Nous cherchons à considérer <dyn n="1"><lieu type="obj" n="1">les sites</lieu> d’intervention</dyn> comme <lieu type="obj" n="2">des infrastructures</lieu> <dyn accompli="oui" nature="crea" n="2">fabriquées</dyn> <tps axe_temp="pas" type="dur" n="2">au fil du temps</tps>, anthropiques mais indissociables de la Terre, pour changer notre manière d’utiliser les matériaux, le sol, et faire évoluer notre compréhension du déjà-là.</phrase>
  <phrase>La matière de l’architecture est autant spatiale que temporelle et le projet <dyn accompli="non" proces="iter" n="1"><perc type="autre" n="1">doit</perc> viser à régénérer</dyn> les sens, les usages et <lieu type="obj" n="1">les formes des infrastructures en présence</lieu>, dans lesquelles le temps s’accumule et dure.</phrase>
  <phrase><lieu type="loc" n="1">À Bordeaux</lieu>, <dyn accompli="non" n="1">le projet urbain <lieu type="obj" n="1">Garonne-Eiffel</lieu></dyn> est conçu à partir de l’héritage de l’infrastructure du sol, lissé et désactivé par <dyn accompli="oui" nature="crea" proces="iter" n="2">les étapes successives de poldérisation de <lieu type="obj" n="2">la rive droite marécageuse</lieu></dyn>.</phrase>
  <phrase><lieu type="loc">Sur près de 130 ha</lieu>, <dyn accompli="non">le projet d’espace public</dyn> se présente comme un paysage de terre et d’eau ; une épaisseur écologique autant qu’un grand réservoir à ciel ouvert qui stocke et fait circuler les eaux lors des inondations.</phrase>
  <phrase>Pour <dyn nature="modif" n="1">la transformation de <lieu type="obj" n="1">l’ancienne gare de marchandises</lieu></dyn> de <lieu type="loc" n="1">la Rapée à Paris</lieu>, nous avons considéré <dyn accompli="non" nature="abs" n="2"><lieu type="obj" n="2">les infrastructures ferrées ou fluviales</lieu> en déshérence</dyn> comme un vecteur du vivant avec l’appui d’un collectif de scientifiques (Conservatoire national botanique, Muséum d’histoire naturelle, ehess...).</phrase>
  <phrase>Pour l’étude « Luxembourg in Transition », c’est l’agriculture et la sylviculture qui ont guidé notre proposition pour réduire drastiquement l’empreinte carbone de ce petit pays.</phrase>
  <phrase>Nous nous sommes intéressés à la transformation des matières premières – le bois et le lait – pour établir de nouvelles coalitions et <dyn accompli="non" proces="iter">régénérer <lieu type="obj">le sol rural</lieu></dyn>.</phrase>
  <phrase>Plus généralement, le livre est une tentative de redéfinition de l’architecture et de l’urbanisme, à l’heure d’un nouveau régime écologique qui montre à quel point la Terre réagit aux activités humaines.</phrase>
  <phrase>La Terre est une puissance qui se rebelle.</phrase>
  <phrase>La penser comme <dyn accompli="non" nature="maint"><lieu type="obj">un décor</lieu> fixe, immuable, indépassable, <lieu type="obj">une « Nature »</lieu> ancestrale aussi insensible qu’éternelle</dyn>, <perc>est erroné</perc>.</phrase>
  <phrase>De l’autre côté, l’architecture ne doit plus se définir comme extérieure ou posée sur la Terre, mais plutôt comme <dyn accompli="non" proces="dur">mise en forme permanente du <lieu type="obj">monde</lieu></dyn>, par toutes forces qui l’animent.</phrase>
  <phrase>Cette vision étend le domaine de l’architecture et de l’urbanisme pour intégrer la question du sol, de l’étendue, du vivant ou de l’énergie.</phrase>
  <phrase>Continuer à faire de l’architecture aujourd’hui, dans le contexte des crises multiples qui assaillent la Terre et mettent en cause notre capacité à survivre, nécessite que le programme de l’architecture ne se limite pas à la seule satisfaction des besoins humains.</phrase>
  <phrase>Que ce soit pour abriter un individu ou nourrir une société, <dyn accompli="non">les projets de transformation de <lieu type="obj">la Terre</lieu></dyn> <perc>doivent prendre en compte les mouvements de la foule des vivants, comme ceux des matières terrestres, les craquements du sol, les écoulements des eaux et les remous du ciel, tout en ayant conscience de l’imprévisibilité du monde</perc>.</phrase>
  <phrase>Ce glissement inaugure bel et bien des temps nouveaux pour nos métiers.</phrase>
  <phrase>Le collectif et la transmission</phrase>
  <phrase>Enfin, revenons à notre point de départ, le diplôme à treize architectes sur le Périphérique, car cette période initiatique nous a conduits à construire une agence structurée par un collectif mais aussi à consacrer une partie importante de notre temps à enseigner et transmettre ; Pierre Alain a enseigné dans le master d’urbanisme de Sciences Po Paris puis dans le master Métropole de l’École d’architecture de la ville et des territoires de Marne-la-Vallée.</phrase>
  <phrase>Il y co-dirige aujourd’hui le DSA d’architecte-urbaniste.</phrase>
  <phrase>Antoine, après avoir exercé pendant longtemps à l’École d’architecture de Normandie, est désormais professeur à l’École d’architecture de Paris-Val de Seine.</phrase>
  <phrase>Nous nous définissons comme architectes et urbanistes ancrés simultanément dans la pratique et la théorie ; autant dans l’action que dans la recherche et la transmission.</phrase>
  <phrase>Cette démarche, construite patiemment depuis plus de vingt ans, est rendue possible par la force des liens qui forgent le collectif TVK.</phrase>
  <phrase>Une équipe d’une cinquantaine de personnes qui regroupe des architectes, urbanistes, chercheurs en architecture, un graphiste, une maquettiste et une cheffe cuisinière.</phrase>
  <phrase>Certains sont présents depuis de nombreuses années à nos côtés et nous partageons la conviction que la condition écologique, climatique et sociale appelle à élargir le champ encore trop cloisonné de l’architecture.</phrase>
  <phrase>Pour <dyn n="1">agir sur <lieu type="obj" n="1">le monde</lieu></dyn>, <act n="1">TVK</act> cherche à prendre acte de la complexité du monde et à <dyn accompli="non" nature="maint" n="2">faire durer</dyn> <lieu type="obj" n="2+4">ce qui <dyn accompli="oui" nature="modif" n="3">a déjà été transformé</dyn></lieu> <dyn accompli="non" n="4">en le rendant plus terrestre</dyn>.</phrase>
  <phrase>Cette extension du domaine de l’architecture est le fruit des collaborations au long cours nouées avec des chercheurs, des experts et des maîtres d’ouvrage parmi lesquels Daniel Béhar, Laurent Davezies, Soline Nivet, Samuel Maillot, Gwenaëlle d’Aboville, Philippe Gasser.</phrase>
  <phrase>Nous avons pensé le collectif et la transmission à travers un espace singulier, notre lieu de travail.</phrase>
  <phrase>Ce qu’élabore TVK est indissociable de l’espace qui accueille sa production.</phrase>
  <phrase>L’agence est conçue comme un lieu pour stimuler la création collective et l’écoute à travers quatre espaces particuliers : un large atelier maquette pour prototyper sans cesse, une grande bibliothèque située au centre, un restaurant où le déjeuner est servi chaque jour, et un amphithéâtre où les conférences et invitations régulières construisent une culture commune.</phrase>
  <phrase>L’agence se situe à la porte de La Villette, au premier étage d’un mégalithe de béton édifié par Gérard Thurnauer à la fin des années quatre-vingt, en balcon sur les infrastructures de la métropole : le parc de La Villette au sud et, au nord, la profondeur de champ striée par le tramway, les voies ferrées, leurs corridors de nature et...</phrase>
  <phrase>le Périphérique.</phrase>
</root>
