<?xml version="1.0" ?>
<root>
  <phrase>﻿Le temps d’une réalité utopique</phrase>
  <phrase>Réflexions pour un urbanisme territorial</phrase>
  <phrase>Bernard Reichen</phrase>
  <phrase>Une réalité utopique « La vie avant la ville » : tel est le titre que j’avais choisi, il y a une dizaine d’années, pour un article consacré à la ville de Thessalonique.</phrase>
  <phrase>Et j’ai toujours le même sentiment dans cette ville bruyante et désordonnée, mais si vivante, métissée, partagée, sans aucune des pathologies de ruptures territoriales qui nous préoccupent aujourd’hui.</phrase>
  <phrase>Une ville qui ne serait pas non plus ce qu’elle est sans un plan magnifique conçu par Hébrard après l’incendie de 1917.</phrase>
  <phrase>Si je cite cet exemple, c’est pour situer d’emblée mon propos entre un principe de réalité – un urbanisme des modes de vie – et une nécessité – un urbanisme matriciel : une équation dont les règles sont à réinventer à chaque époque et qui exprime, selon moi, la capacité de l’urbanisme à <dyn>équilibrer <lieu type="obj">les territoires urbains</lieu></dyn>.</phrase>
  <phrase>L’urbanisme colonial correspond aussi à un jalon de mon parcours professionnel quand après mes études à l’École spéciale d’architecture, encore dominée, en ces années d’avant Mai 68, par l’ombre de Henri Prost, j’ai hérité à vingt-deux ans du statut de chef de service de l’Urbanisme et de l’Habitat à la préfecture de Pointe-Noire, belle ville portuaire du Congo- Brazzaville.</phrase>
  <phrase>Une responsabilité sûrement usurpée, due aux hasards de la coopération technique, mais une expérience unique au contact d’un autre plan exemplaire conçu, celui là, par l’urbaniste Normand en 1949.</phrase>
  <phrase>Ainsi j’ai vécu mes années 1960, en marge des mouvements de l’époque, et j’ai gardé une grande affection pour Henri Prost, Joseph Hébrard et Tony Garnier, Grands Prix de Rome du début du siècle qui ont, dans une époque ambiguë et chacun à leur manière, jeté les bases de nombreuses villes aimées : Thessalonique, Casablanca, Hanoi, etc.</phrase>
  <phrase>De retour en France, j’ai continué mon éducation auprès de Jean-Claude Bernard dans l’aventure de « l’or blanc » : Tignes et ensuite Val-Thorens, villes extrêmes à imaginer avec conviction, mais sans l’arsenal conceptuel et environnemental qui aurait permis de maîtriser un tel sujet.</phrase>
  <phrase>Cette époque se conclut par le concours d’Évry 1, alors seul véritable débat urbain dans un contexte dominé par les rêves d’une ville globale et par les dérives de l’industrialisation du bâtiment.</phrase>
  <phrase>Et c’est en 1973, sur fond de premier choc pétrolier, que Philippe Robert et moi créons notre agence.</phrase>
  <phrase>Une autre époque commençait, que nous aurions été bien en peine d’imaginer, mais qui a pris très vite pour nous une « couleur » : celle de <dyn>la reconversion du <lieu type="obj">patrimoine industriel</lieu></dyn>.</phrase>
  <phrase>Force est de constater que j’ai échappé à l’ère des grands ensembles, que j’ai à peine effleuré celle des villes nouvelles et que, à défaut d’Amérique, c’est l’Afrique qui a été mon terrain d’expérience.</phrase>
  <phrase>En fait, je n’ai jamais été «moderne » – ce qui a influencé <dyn>ma vision ultérieure de <lieu type="obj">la ville</lieu></dyn>.</phrase>
  <phrase>On ne dira jamais assez aux jeunes architectes l’importance des premières orientations et de la première œuvre qui engagent, bien plus qu’on l’imagine, une vie professionnelle – une vie, en somme.</phrase>
  <phrase>J’ai pleinement la sensation d’être né sous le signe de la mutation : une histoire personnelle que je vois maintenant comme une sorte de compression dans le temps de l’histoire vraie.</phrase>
  <phrase>Dans ce parcours professionnel, je suis passé d’une position architecturale aux logiques du <dyn n="1">projet urbain</dyn> et aux problématiques plus larges d’un urbanisme stratégique.</phrase>
  <phrase>Cela à partir d’un tronc commun issu des techniques de <dyn n="1">la reconversion</dyn>, pour constituer ensuite les bases de ce que j’appellerais un « urbanisme de valorisation » qui décrit la façon de <dyn n="2">s’installer <lieu type="loc" n="2">dans <dyn n="3">des territoires <perc n="3">non stabilisés</perc></dyn></lieu></dyn>, mais dotés d’une longue histoire pour accompagner <dyn n="4">leur mutation</dyn>.</phrase>
  <phrase>Mais ce parcours est aussi un parcours dans la commande qui a évolué en Europe comme en France, et qui montre clairement aujourd’hui <perc n="1">la volonté</perc> d’<dyn n="1">intervenir par l’action urbaine</dyn> à des échelles qui semblaient, il y a peu de temps encore, inaccessibles.</phrase>
  <phrase>Cet intérêt pour la ville diffuse, révélée par Bernardo Secchi, fait suite en France à une sorte de passage à vide de l’urbanisme, qui s’est exprimé dans le mirage d’<lieu type="obj">une ville émergente</lieu> qui <dyn>naîtrait <perc>spontanément</perc></dyn> des forces du marché.</phrase>
  <phrase>Dans ces temps « sauvages et incertains » selon la formule de l’époque s’ouvrait sans doute un formidable laboratoire de formes architecturales, la question des territoires urbains était aussi largement laissée de côté.</phrase>
  <phrase>L’état d’esprit de cette époque ne me semble pas étranger au retard que nous avons pris sur les questions environnementales.</phrase>
  <phrase>La nouveauté est l’apparition d’une réalité utopique qui permet de construire de nouvelles hypothèses d’action, à partir d’une évolution des modes de vie et d’une nouvelle demande urbaine que l’on commence à mieux cerner.</phrase>
  <phrase>Si <dyn>les projets architecturaux</dyn> et <dyn>les projets urbains</dyn> localisés constituent le fond d’une expérience professionnelle, je me suis trouvé confronté au fil du temps à un ensemble de thématiques qui sont pour moi l’amorce d’une pensée territoriale.</phrase>
  <phrase>Le temps de <dyn>la reconversion</dyn></phrase>
  <phrase><tps n="1">Dans le débat des années 1975</tps> où s’inventait le label de « friches industrielles » et où s’amorçaient <dyn n="1">les premières délocalisations de <lieu type="obj" n="1">l’industrie textile</lieu></dyn>, <dyn n="2">la reconversion</dyn> est très vite devenue notre champ disciplinaire.</phrase>
  <phrase>C’était un immense terrain d’expérimentation par la diversité des programmes abordés et la large gamme de solutions que l’on peut tirer d’une vision dialectique entre espace et fonction ou entre histoire et modernité.</phrase>
  <phrase>Cette spécialité étiquetée était aussi à l’époque une forme d’enfermement dans un univers professionnel peu enclin à la transversalité.</phrase>
  <phrase>Ce n’est pas vraiment la mutation économique et sociale qui était mise en avant, mais plutôt <perc n="1">l’urgence</perc> de <dyn n="1">réutiliser <lieu type="obj" n="1">un patrimoine</lieu></dyn> aussi menacé que méconnu.</phrase>
  <phrase>Par l’ampleur même du phénomène de déprise industrielle, <dyn>la reconversion</dyn> <perc>s’est ensuite banalisée</perc>, chaque architecte, quelles que soient ses origines ou son écriture, s’étant trouvé un jour confronté à cette problématique.</phrase>
  <phrase>La question s’est aussi déplacée du domaine de l’architecture vers celui de l’urbanisme.</phrase>
  <phrase>Je me suis donc trouvé confronté à un spectre large de situations urbaines toujours plus étendues et de moins en moins « triées », cette distinction exprimant la différence entre <perc n="1">la réalité complexe</perc> des <dyn n="1"><lieu type="obj" n="1">grands territoires</lieu> en mutation</dyn> et le statut des plus belles pièces du puzzle industriel, où <dyn n="2">le projet urbain contemporain</dyn> peut s’exprimer librement dans <perc n="3">un mouvement naturel</perc> d’<dyn n="3">extension interne de <lieu type="obj" n="3">la ville</lieu></dyn>.</phrase>
  <phrase>C’est une distinction essentielle car c’est au niveau de la valeur de localisation que s’effectuent naturellement <dyn><perc>les ruptures</perc> territoriales</dyn> et que, paradoxalement, l’urbanisme peut devenir un facteur aggravant de ces phénomènes en apportant la richesse économique mais aussi conceptuelle là où elle existe déjà.</phrase>
  <phrase>Trois lieux, trois situations, trois attitudes illustrent ce propos.</phrase>
  <phrase>Tout d’abord, <dyn><lieu type="obj">la filature Prouvost à Tourcoing</lieu>, reconvertie</dyn> <tps>en 1983</tps>.</phrase>
  <phrase><dyn>Transformer <lieu type="obj">une grande filature</lieu></dyn> en logements <perc>n’était pas une évidence</perc>.</phrase>
  <phrase>Mais l’offre nouvelle d’un loft social, inimaginable à l’époque, semblait <perc>une forme légitime</perc> de <dyn>réappropriation de <lieu type="obj">l’espace</lieu></dyn>.</phrase>
  <phrase>Au-delà de l’écriture architecturale, <perc>ce projet avait pour autre vertu</perc> de <dyn>stabiliser et de valoriser <lieu type="obj">un espace habité très particulier, celui des féodalités de l’industrie du XIXe siècle</lieu></dyn>.</phrase>
  <phrase>En ce sens, le projet était générateur d’urbanité dans une démarche inductive qui devient maintenant <perc>un outil essentiel</perc> de <dyn>production de <lieu type="obj">la ville</lieu></dyn>.</phrase>
  <phrase><tps>Vingt ans plus tard</tps>, à quelques centaines de mètres de là, c’est <lieu type="obj">le site de l’Union</lieu> <lieu type="loc">à Roubaix</lieu> qu’il s’agit de <dyn>transformer</dyn> <lieu type="loc">sur 70 hectares inscrits dans les traces du parcellaire industriel</lieu>.</phrase>
  <phrase>La question de l’usine n’est plus au centre du débat et <dyn>l’avenir de <lieu type="loc">ce quartier</lieu></dyn> dépend avant tout de la qualité de sa desserte multimodale.</phrase>
  <phrase>C’est aussi un territoire contradictoire dans lequel les objectifs d’un pôle d’excellence croisent ceux d’une zone franche, et c’est cette dualité qu’il fallait traduire dans un concept spatial.</phrase>
  <phrase>Autre lieu, autre échelle, en 2005, celle des <dyn><lieu type="obj">800 hectares</lieu> libérés</dyn> par <lieu type="loc">la sidérurgie à Seraing dans la métropole liégeoise</lieu>, un paysage de l’industrie immortalisé de film en film par les frères Dardenne.</phrase>
  <phrase>Il s’agit ici de bâtir les fondements d’un plan stratégique d’une taille démesurée à quelques minutes de <dyn><lieu type="obj">la gare de Liège</lieu>, transformée</dyn> par <act>Santiago Calatrava</act>, et d’un campus universitaire et technologique de 600 hectares.</phrase>
  <phrase>Contrastes, contradictions, ruptures d’échelles : si ces actions ont le même fil conducteur, le cadre socio-économique a changé et impose aujourd’hui d’autres modes de réflexion et d’action.</phrase>
  <phrase>Telle est l’ambiguïté des Trente peu Glorieuses que nous venons de vivre – une époque sans doute confuse et peu propice aux grandes idéologies urbaines, dont les conséquences seront pourtant beaucoup plus essentielles pour <dyn>l’avenir des <lieu type="obj">villes</lieu></dyn> que celles des années de croissance.</phrase>
  <phrase>Un urbanisme de valorisation</phrase>
  <phrase>La capitalisation d’expérience faite pendant ces années consacrées à <dyn>la reconversion</dyn> n’a pas été linéaire ou chronologique.</phrase>
  <phrase>C’est un processus itératif construit autour des rencontres, des lieux et des questionnements.</phrase>
  <phrase>C’est aussi une forme d’invention de la commande que j’ai mise en pratique en utilisant toutes les opportunités pour compléter mon expérience et pour développer des hypothèses de travail souvent esquissées auparavant, mais dans des cadres peu propices à leur épanouissement.</phrase>
  <phrase>Comment exprimer les bases d’un principe de <dyn>valorisation urbaine</dyn> ?</phrase>
  <phrase>En premier lieu, ce sont des situations urbaines qui sont à traiter.</phrase>
  <phrase>Le projet s’inscrit dans des récits urbains qui comprennent de nombreux paramètres socio-économiques, spatiaux ou temporels.</phrase>
  <phrase>Les stratégies spatiales, qui sont de notre responsabilité, ne peuvent être conçues que comme des projets ouverts bâtis autour d’un ensemble de lignes de forces et d’invariants soigneusement sélectionnés autour desquels le projet pourra évoluer.</phrase>
  <phrase>L’urbanisme doit intégrer dans sa conception ses propres principes correctifs.</phrase>
  <phrase>Ce qui est peu usuel pour des pratiques professionnelles orientées vers la permanence et la maîtrise du <dyn>projet urbain</dyn> ou alors vers les grandes généralités de la planification.</phrase>
  <phrase>Cette démarche procède par effets de seuils et non seulement par effets d’échelles.</phrase>
  <phrase>Au cours d’un raisonnement, les problématiques peuvent changer de nature, et réorienter le projet dans des directions non prévisibles a priori.</phrase>
  <phrase>Elle n’est possible que dans le cadre d’équipes de projet regroupant en temps réel le politique, l’opérationnel et le conceptuel.</phrase>
  <phrase>Un fractionnement de la démarche rompt cette chaîne de pensées et, à cet égard, les études de définition, quand elles sont conduites comme des projets / débats, constituent une avancée méthodologique.</phrase>
  <phrase>Ensuite, j’ai remarqué l’importance d’un point focal, une idée, un lieu, une forme ou même une formulation autour de quoi vont s’agréger les composantes diverses d’un projet.</phrase>
  <phrase>D’une façon parfaitement empirique, j’illustrerais cette idée par l’image du ponctum développé par Roland Barthes à propos de la photographie.</phrase>
  <phrase>Il désigne, dans une photo, un point qui peut être anecdotique mais qui, en captant le regard, a pour effet d’effacer le cadre de la photo.</phrase>
  <phrase>C’est une entrée à proposer dans l’imaginaire du projet et pas seulement dans la rationalité d’un raisonnement.</phrase>
  <phrase>Enfin, en travaillant sur des projets stratégiques, j’ai pu constater à quel point l’urbanisme peut s’épuiser dans l’analyse, en laissant souvent le sentiment dangereux que le sujet a ainsi été traité.</phrase>
  <phrase>Plus la situation est compliquée, plus le phénomène est significatif.</phrase>
  <phrase>Faute d’une véritable orientation de recherche, l’analyse en matière urbaine devient vite coûteuse et vaine.</phrase>
  <phrase>Sans point de vue transversal, elle favorise aussi un principe d’addition de logiques sectorielles qui se constitue ensuite en mode d’action.</phrase>
  <phrase>À Seraing, notre mission a comporté deux phases.</phrase>
  <phrase>Par goût de l’autodérision qui fait parfois défaut en France, la première, celle du débat et de l’analyse, est dénommée « pipo » et la seconde, celle des développements, porte le nom de « prio » comme priorité.</phrase>
  <phrase>Cette légèreté de ton ne signifie en rien que l’analyse a été négligée, mais qu’elle a été ciblée de façon synthétique pour vérifier ou conforter ces hypothèses de travail.</phrase>
  <phrase>Nous constituons ainsi des chaînes de réflexions et d’actions dans une démarche « arborescente ».</phrase>
  <phrase>À partir d’un tronc commun et de grandes orientations validées, l’urbanisme devient un travail d’investigation où le technique et l’économique nourrissent des hypothèses spatiales.</phrase>
  <phrase>La mobilité</phrase>
  <phrase>Si les questions liées à la déprise industrielle ont été mes premières clefs d’entrée dans l’urbanisme territorial, ce sont celles qui touchent à la mobilité qui ont changé le plus profondément ma façon de penser ces échelles d’intervention.</phrase>
  <phrase>Que chaque habitant quotidiennement se construise une ville à la carte à partir de ses déplacements, de ses pratiques et de son imaginaire est une idée bien déstabilisante pour les urbanistes.</phrase>
  <phrase>La ville de la proximité, profondément ancrée dans notre vécu, et la ville de la distance, qui n’était pas celle du quotidien, en dehors des habitudes programmées des déplacements pendulaires, se confondent de plus en plus.</phrase>
  <phrase>Cette réalité vécue n’est pas pour autant directement exploitable, car pour avancer dans la réflexion il faut avoir accès, par le projet, à un monde des transports dont nous étions exclus, du moins tant que la vitesse est restée au centre des problématiques.</phrase>
  <phrase>Après <tps n="1">quelques décennies</tps> de <dyn n="1">mise en œuvre d’<lieu type="obj" n="1">infrastructures « égocentrées »</lieu></dyn>, les lieux de la mobilité et des échanges sont devenus l’objet d’une attention nouvelle, et nous avons été conviés à ce grand chantier de <dyn n="2">recomposition et de redistribution de <lieu type="obj" n="2">l’espace public</lieu></dyn> à l’occasion du <dyn n="3">projet du <lieu type="obj" n="3">tramway de Caen</lieu></dyn>.</phrase>
  <phrase>Notre mission portait alors de façon éloquente le joli nom d’«<dyn><perc>embellissement</perc></dyn>».</phrase>
  <phrase>N’ayant ni compétence spécifique et moins encore une position dominante dans le processus, je me suis situé de façon empirique dans le statut du dessinateur public, utilisant avant tout le dessin sensible comme langage susceptible de compenser le caractère impératif et non négociable du dessin technique.</phrase>
  <phrase>Le monde des transports étant peu préparé à la concertation, nous avons été amenés à jouer le rôle de médiateurs du projet.</phrase>
  <phrase>J’ai ainsi appris un nouveau métier, celui d’architecte de l’espace public, en naviguant entre deux écueils qui sont une forme de maladie de notre système de production des infrastructures : – l’« esprit routier », développé dans les années 1970 à partir d’un jugement faussé par l’obsession de la vitesse jusqu’à oublier les règles élémentaires du rapport à la ville ; – le goût de la surformalisation qui, sous couvert de <dyn n="1">modernisation</dyn> ou d’<dyn n="2"><perc n="2">embellissement</perc></dyn>, <dyn n="3"><perc n="3">a dénaturé</perc> <lieu type="obj" n="3">un grand nombre de lieux simples</lieu></dyn> qui ne demandaient qu’un peu d’intelligence.</phrase>
  <phrase>Une nouvelle façon d’aborder les questions urbaines s’est mise en place progressivement et, dans un cadre plus général, l’expérience m’a permis de dissocier une démarche d’intelligence du territoire dans laquelle le dessin est mis au service du débat d’une démarche de projet basée sur la qualité d’une écriture et sur la façon de projeter une situation dans l’avenir.</phrase>
  <phrase>C’est une distinction importante qui permet de resituer le débat comme une composante du projet, considéré au sens large, et qui contribue à donner un cadre aux arbitrages politiques, qui ne soit pas centré seulement sur le mode comparatif généré par les concours.</phrase>
  <phrase>Il s’agit bien d’initier des processus et pas seulement de choisir des projets.</phrase>
  <phrase>L’urbanisme induit</phrase>
  <phrase>Qu’un investissement aussi important qu’un tramway soit conçu comme un projet déclencheur semble aller de soi.</phrase>
  <phrase>Mais le monde des transports a pour objectif premier de déplacer des personnes.</phrase>
  <phrase>La dimension urbaine induite, toujours présentée comme prioritaire dans les concours, reste une option difficile à gérer.</phrase>
  <phrase>Alors comment utiliser la dynamique d’un projet spécifique comme effet de levier du <dyn>développement urbain</dyn>?</phrase>
  <phrase>À Caen et à Hérouville-Saint-Clair, la situation s’y prêtait par la diversité des lieux traversés sur 13 kilomètres.</phrase>
  <phrase>Sur la base de cette analyse, les Villes nous ont confié une série d’études urbaines préventives.</phrase>
  <phrase>Autour du fil conducteur du tramway, c’est non seulement la mobilité qui fait lien mais aussi des projets qui se répondent.</phrase>
  <phrase>Nous poursuivons, depuis, <dyn>le Grand Projet de <lieu type="obj">ville</lieu></dyn> <lieu type="loc">d’Hérouville</lieu> amorcé dans ce cadre.</phrase>
  <phrase>Dans <dyn n="1"><lieu type="obj" n="1">cette ville nouvelle</lieu>, <perc n="1">claire et bien dessinée</perc></dyn>, le tramway a permis de <dyn n="2">donner de l’épaisseur au <lieu type="obj" n="2">centre-ville</lieu></dyn> et c’est <tps n="3">maintenant</tps> <dyn n="3">une transformation <perc n="3">mesurée</perc> qui est menée</dyn> avec comme objectif principal, après la mise en œuvre de l’intermodalité, le développement de la multifonction.</phrase>
  <phrase>La zone d’influence d’un tramway couvre 500 hectares environ et l’effet de levier sur <dyn>le renouvellement urbain</dyn> est considérable.</phrase>
  <phrase>À contrario, <dyn>tout projet urbain important</dyn> devrait faire l’objet d’une « insertion préventive », d’un mode de transport en site propre.</phrase>
  <phrase>C’est ce que nous avons proposé à Seraing en Belgique pour structurer l’idée de <dyn><lieu type="obj">corridors</lieu> de développement</dyn> <lieu type="loc">dans le bassin industriel</lieu>.</phrase>
  <phrase><dyn n="1">La reconquête des <lieu type="obj" n="1">boulevards du XVIIIe siècle</lieu></dyn> <lieu type="loc" n="1">à Chartres</lieu> est un autre exemple d’<dyn n="2"><perc n="2">harmonisation</perc> urbaine</dyn> utilisant comme levier <dyn n="3">la transformation d’<lieu type="obj" n="3">une infrastructure</lieu></dyn>.</phrase>
  <phrase>Dans ce cas, la place de l’automobile qui est reconsidérée sous la forme d’un boulevard épais intégrant tout le stationnement et les services à la voiture.</phrase>
  <phrase>Ce projet peut devenir alors <dyn>le déclencheur d’un vaste programme de modernisation des <lieu type="obj">équipements collectifs publics ou privés</lieu></dyn>.</phrase>
  <phrase>Constituer des chaînes d’actions en apportant une valeur ajoutée à chacun des investissements réalisés est un premier objectif.</phrase>
  <phrase>Dans une politique de <dyn>renouvellement urbain</dyn>, l’induction est aussi une façon de susciter et d’encadrer l’initiative individuelle.</phrase>
  <phrase>C’est une démarche qui doit être considérée dès l’origine d’un projet et que j’ai mieux comprise, en Allemagne, dans le concours pour le centre de Gelsenkirchen, organisé autour de la problématique de la « ville des petits investissements » – un thème peu exploité dans nos procédures d’aménagement conçues le plus souvent autour du bilan d’équilibre des ZAC.</phrase>
  <phrase>Les hypothèses de <dyn>la réparation</dyn></phrase>
  <phrase>Autre problématique de <dyn>mutation</dyn>: la question récurrente des <lieu type="obj">grands ensembles</lieu>.</phrase>
  <phrase><perc>J’ai toujours été étonné de l’enfermement physique, juridique, social et même conceptuel</perc> dans lequel on <dyn>a laissé s’installer <lieu type="obj">ces cités</lieu></dyn>.</phrase>
  <phrase>Une affaire de spécialistes, une monoculture, mais aussi un refus d’héritage d’une conception voulue par l’État au moment de la première régionalisation.</phrase>
  <phrase><perc n="1+2">Avec un peu de recul, on peut considérer ces quartiers</perc> comme <dyn n="1">le premier acte d’<lieu type="obj" n="1">une ville hors les murs</lieu></dyn> et <dyn n="2">non comme <perc n="2">une dégénérescence</perc> de <lieu type="obj" n="2">la ville-centre</lieu></dyn>.</phrase>
  <phrase>Et j’ai toujours été très méfiant vis-à-vis du slogan ambigu du « retour à la ville » qui ne rendait pas compte de cette situation urbaine nouvelle.</phrase>
  <phrase>Cela ne résout pas pour autant certaines pathologies spatiales, mais quand elle est nécessaire, cela permet de situer <dyn n="1">la démolition</dyn> dans un contexte plus large que la simple <dyn n="2">remise en cause d’<lieu type="obj" n="2">une forme urbaine</lieu></dyn>.</phrase>
  <phrase>Faire de <dyn>la démolition</dyn> un acte de projet est le premier enjeu dans un cadre d’action construit comme un plan Marshall, et cette notion a un sens fort différent si on la place dans le cadre plus large d’une politique territoriale.</phrase>
  <phrase>C’est la démarche entreprise <lieu type="loc" n="1">à Metz-Borny</lieu> où <perc n="1">l’enjeu</perc> consiste à <dyn n="1">réinstaller <lieu type="obj" n="1">une pièce urbaine exemplaire</lieu></dyn> <dyn n="2">conçue</dyn> par <act n="2">Jean Dubuisson</act> <lieu type="loc">dans un territoire de 200 hectares</lieu>, accueillant plus de 16000 habitants.</phrase>
  <phrase>Il ne s’agit plus pour moi d’un grand ensemble isolé mais d’une pièce d’un puzzle urbain formant un ensemble cohérent même très contrasté.</phrase>
  <phrase><dyn>Construites</dyn> <perc>dans l’urgence</perc>, peuplées dans l’urgence, gérées dans l’urgence, <lieu type="obj">ces cités</lieu> imposent une réflexion sur le temps.</phrase>
  <phrase>Dans <dyn>le projet de <lieu type="obj">Metz</lieu></dyn>, nous opposons un temps court, celui d’une feuille de route traitant les pathologies urbaines essentielles, au temps long construit comme une mosaïque de projets accompagnant la transformation sociale.</phrase>
  <phrase>Cinq ou six années d’un côté et une génération de l’autre.</phrase>
  <phrase>Dans un tel processus, ce n’est pas <dyn n="1">la reconstitution du <lieu type="obj" n="1">parc de logements</lieu></dyn> qui est au cœur du projet – elle est traitée au contraire comme un enjeu d’agglomération –, mais bien le volet socio-économique qui me semble beaucoup plus essentiel pour <dyn n="2">l’avenir de <lieu type="obj" n="2">ce quartier</lieu></dyn>.</phrase>
  <phrase>Cela rejoint, bien sûr, la nécessité d’un relais des investissements publics par le secteur privé, une notion souvent étrangère à ces lieux encore dominés par la monoculture du logement social et de la dotation publique.</phrase>
  <phrase>Le temps de <dyn n="1">la valorisation</dyn> conçu comme une démarche urbaine implique parfois des procédures de <dyn n="2">jachères ou d’occupation temporaire des <lieu type="obj" n="2">sols</lieu></dyn> <perc n="3">en résistant à l’envie</perc> de <dyn n="3">finir <lieu type="obj" n="3">la ville</lieu></dyn>.</phrase>
  <phrase><dyn n="1"><perc n="1">L’obsolescence</perc> <tps n="1">rapide</tps> des <lieu type="obj" n="1">grands ensembles</lieu></dyn> <perc n="1">devrait nous inciter à un peu de modestie</perc> devant <perc n="2">la tentation</perc> de <dyn n="2">la permanence d’<lieu type="obj" n="2">un cadre physique</lieu></dyn> quand il ne répond pas à une situation socio-économique stabilisée.</phrase>
  <phrase>Les cités de Metz-Borny et d’Hérouville-Saint-Clair bénéficient de remarquables valeurs de localisation et de desserte.</phrase>
  <phrase>Une occasion pour les remettre progressivement dans le droit commun de la ville dans le cadre d’une politique territoriale.</phrase>
  <phrase>Les nouveaux lieux d’intensité urbaine</phrase>
  <phrase>La question territoriale peut aussi être abordée par <dyn n="1">le projet urbain localisé</dyn> ou par l’architecture.</phrase>
  <phrase>C’est même la situation la plus courante, mais tout repose alors sur la qualité d’une chaîne d’actions et à cet égard, le travail réalisé par l’IBA[1] dans la Ruhr reste pour moi une expérience fondatrice.</phrase>
  <phrase>Comment <dyn>reconstruire <tps>en dix ans</tps> les bases d’<lieu>un grand paysage</lieu></dyn> <lieu type="loc">sur les traces de l’industrie</lieu>, ancrer ce projet dans la proximité par quatre-vingt-dix points de développement, et conduire cette démarche comme un festival de l’urbanisme ?</phrase>
  <phrase>C’est l’exploit réussi par Karl Ganser, le directeur de l’IBA, et son équipe.</phrase>
  <phrase>Pour la première fois, les valeurs environnementales, mises au cœur du projet, étaient pensées comme un outil de développement et non comme un principe de précaution.</phrase>
  <phrase><dyn n="1"><lieu type="obj" n="1+2">Le projet du Centre des technologies de l’environnement d’Oberhausen</lieu></dyn>, que nous <dyn n="2"><perc n="2">avons eu</perc> à concevoir</dyn> dans ce cadre, était l’une des façons de synthétiser ces objectifs : un programme innovant et volontariste, une prise en compte du patrimoine industriel et une demande de modernité affirmée mise au service d’une politique environnementale.</phrase>
  <phrase>Ce projet est <dyn n="1">un projet d’architecture</dyn>, mais une architecture à résonance urbaine, dont le contenu s’inscrit dans le cadre plus large d’<dyn n="2">une vision territoriale</dyn>.</phrase>
  <phrase><tps>Dans un même temps</tps>, <lieu type="loc">sur le même site</lieu>, <lieu type="obj">le gazomètre</lieu> <dyn>était transformé</dyn> en un lieu d’exposition devenu célèbre par l’intervention de Christo lors de son ouverture, et surtout, plus récemment, par la mise en place de l’une des plus belles vidéo-installations de Bill Viola.</phrase>
  <phrase>Le « grand paysage » vu au sens de la restitution écologique comme de son image future, <dyn>les projets urbains localisés</dyn> inscrivant la démarche dans la proximité, l’architecture pensée sur le mode des expositions d’architecture et une politique artistique forte ont constitué cette chaîne urbaine unique.</phrase>
  <phrase>L’autre idée a été de concevoir cet ensemble comme une fête, depuis la concertation avec les habitants jusqu’à <dyn>la livraison des <lieu type="obj">bâtiments</lieu></dyn>.</phrase>
  <phrase>Cela a permis de recréer une culture urbaine et de donner des rythmes propres à chaque projet – un dispositif dans lequel toute une population a retrouvé sa fierté et le goût du <dyn>projet urbain</dyn>.</phrase>
  <phrase><dyn>D’autres grands développements ont été <tps>ensuite</tps> réalisés</dyn> hors du cadre de l’IBA dont <lieu>le O’Centro, l’un des plus grands centres commerciaux d’Europe</lieu>.</phrase>
  <phrase>Cela exprime les vertus, mais aussi les limites, d’un urbanisme de valorisation capable de <dyn>générer <tps>ensuite</tps> des développements <perc>contradictoires</perc></dyn> en s’éloignant parfois de la culture qu’il voulait porter.</phrase>
  <phrase>C’est le problème complexe que l’on rencontre dès que l’on étend le champ de l’urbanisme hors des rentes de situations naturelles qui constituent le pain blanc des <dyn>projets urbains contemporains</dyn>.</phrase>
  <phrase>Autre outil de structuration, le commerce redevient l’allié de la ville en y proposant de nouveaux points d’intensité.</phrase>
  <phrase>Ces projets sont devenus pour nous une famille à part entière.</phrase>
  <phrase><lieu type="loc">À Dunkerque</lieu>, <lieu type="loc">au Havre</lieu>, <lieu type="loc">à Saint-Nazaire</lieu> dans <dyn>des projets liés à la reconquête des <lieu type="obj">zones portuaires</lieu></dyn> mais aussi <lieu type="loc">à Aix-en-Provence, Strasbourg ou encore Mulhouse</lieu>, ils sont conçus comme des assemblages où il faut croiser les bonnes hypothèses aux bons endroits dans des équilibres souvent précaires.</phrase>
  <phrase>Pour la Porte-Jeune à Mulhouse, c’est l’articulation entre <dyn n="1"><lieu type="obj" n="1">la tour</lieu> – construite</dyn> par <act n="1">Daniel Spoerri</act> comme un symbole de l’Europe et qui reste un bâtiment exemplaire, mais mal aimé – un quartier des années 1960, le centre-ville historique et la station de tram-train qui <dyn n="2"><perc n="2">permet</perc> de composer <lieu type="obj" n="2">un espace inédit</lieu></dyn>.</phrase>
  <phrase>Une vision dynamique où s’assemblent un signal territorial, un parcours commercial et une architecture signalétique lisible dans le mouvement du tramway.</phrase>
  <phrase>Ce type de projet montre aussi l’évolution du rapport public /privé qui <perc>va fortement changer la façon</perc> de <dyn>produire <lieu type="obj">la ville</lieu></dyn>.</phrase>
  <phrase>Nous avons été impliqués, depuis quelques années, dans ces curieuses enchères urbaines qui se jouent chaque année à Cannes, lors du Mipim (salon de l’immobilier) sur la toile de fond de la mondialisation.</phrase>
  <phrase>Non pas parce que notre pratique a changé, mais parce que les villes sont maintenant au cœur d’un débat qui ne les concernait pas à l’origine.</phrase>
  <phrase>Ces projets concédés sont passés des enjeux de charges foncières à ceux de l’architecture et maintenant de l’urbanisme, et nous sommes devenus dans ce domaine aussi des médiateurs naturels entre l’intérêt public et l’investissement privé.</phrase>
  <phrase>Ce n’est d’ailleurs pas une position confortable tant elle implique un réel climat de confiance entre les partenaires.</phrase>
  <phrase>Les limites de compétence sont une sorte de barrière des espèces : elle ne peut être passée impunément, même si nombre de maires ont mis en place des structures et des méthodologies adaptées.</phrase>
  <phrase>Nous avons vécu, depuis quelques décennies, dans une culture de la dotation qui était la marque de l’investissement public.</phrase>
  <phrase>Comme tous les pays d’Europe, mais avec un temps de retard, nous devons à présent établir des règles claires de partenariat pour faire valoir les spécificités de notre cadre de vie.</phrase>
  <phrase>L’urbanisme événementiel</phrase>
  <phrase>Parmi les grands facteurs d’évolution des métiers de l’urbanisme, il est une autre dimension urbaine susceptible d’abolir les contraintes du temps : l’urbanisme événementiel, que j’ai eu la chance d’aborder par l’événement des événements : les Jeux olympiques – ceux d’Athènes en 2004 qui ont motivé <dyn>le projet de transformation de <lieu type="obj">la côte du Falaire</lieu></dyn>.</phrase>
  <phrase>L’état d’esprit du « tout, tout de suite » auquel sont confrontés les élus, un climat concurrentiel entre des villes en compétition permanente et la place démesurée donnée à l’actualité dans l’information font de l’événement un aspect indissociable de <dyn>l’action urbaine</dyn>.</phrase>
  <phrase>Il faut reconnaître que c’est aussi pour les élus un point de rencontre et un lieu d’échange avec la population que n’offre pas <perc>le temps long et laborieux</perc> du <dyn>projet urbain</dyn>.</phrase>
  <phrase>Par la force des choses, nous sommes entrés dans une société du prétexte, mais comment faire pour que l’événement devienne projet au-delà de ce prétexte ?</phrase>
  <phrase>Le cas de la côte du Falaire peut illustrer ce caractère paradoxal.</phrase>
  <phrase>La Ville n’avait aucun besoin de ce site pour les Jeux olympiques, le site de l’aéroport Hellenikon aurait suffi, mais les Jeux étaient placés sous le signe de la mer, et le fait qu’<lieu type="obj">Athènes</lieu> <dyn>retrouve son lien</dyn>, interrompu dans les années 1970, <lieu type="loc">avec le golfe Saronique</lieu> sur le lieu du premier port de l’Antiquité était <perc>un acte symbolique</perc>.</phrase>
  <phrase><dyn n="1">Soixante projets</dyn> avaient été établis sur <lieu type="obj" n="1+2">ce site</lieu> <tps n="1">depuis 1970</tps>, mais l’enjeu olympique et un climat d’extrême urgence ont levé <perc n="2">les tabous</perc> liés à <dyn n="2">sa transformation</dyn>.</phrase>
  <phrase>Voilà donc pour le prétexte.</phrase>
  <phrase>Après un workshop[2], devenu la commande d’un plan directeur, puis la commande de la réalisation, ce projet, contre toute attente, a pris corps.</phrase>
  <phrase>Mon raisonnement fut simple: si les Jeux étaient le déclencheur possible d’<dyn>un processus de transformation</dyn>, ils ne donnaient ni le temps, ni les moyens, ni même la légitimité pour venir à bout d’un site côtier aussi prestigieux de 100 hectares, enclavé dans un réseau d’autoroutes.</phrase>
  <phrase><perc n="1">J’ai donc fais l’hypothèse</perc> de <dyn n="1">construire <lieu type="obj" n="1">une « fondation pour le futur »</lieu></dyn> utilisable pendant les Jeux : <lieu type="obj" n="2">le beach-volley</lieu> et <lieu type="obj" n="2">le handball</lieu> <lieu type="loc" n="2">y</lieu> <dyn n="2">ont été installés</dyn>.</phrase>
  <phrase>C’est la phase postolympique qui était l’enjeu central, <dyn><perc>sans pourtant pouvoir</perc> la concevoir entièrement</dyn> au regard du statut juridique ambigu de cet espace en remblai, partagé entre trois communes.</phrase>
  <phrase><dyn n="1">Redessiner <lieu type="obj" n="1">la mer</lieu></dyn> <lieu type="loc" n="1">sur 1,5 kilomètre</lieu>, <dyn n="2">relier <lieu type="obj" n="2">la côte</lieu> <lieu type="loc" n="2">à la ville</lieu></dyn> par une esplanade de 800 mètres de longueur et bâtir une stratégie de <dyn n="3">résorption des <lieu type="obj" n="3">grandes infrastructures routières</lieu></dyn>: <perc n="1+2+3">c’est ce que j’avais qualifié d’« archéologie du présent »</perc>, en inversant les règles de <dyn n="4">la reconversion</dyn> pour <dyn n="5">produire <lieu type="obj" n="5">un espace « capable »</lieu></dyn>, <perc n="6">accueillant</perc> <tps n="6">dans l’avenir</tps> pour <dyn n="6">un projet urbain</dyn>.</phrase>
  <phrase>C’est ni plus ni moins ce qui a été fait à partir d’une hypothèse de travail hautement improbable, mais qui illustre bien la puissance d’un phénomène événementiel.</phrase>
  <phrase>La cohérence territoriale</phrase>
  <phrase>En parallèle de la pratique du <dyn n="1">projet architectural</dyn> et du <dyn n="2">projet urbain</dyn>, ces thèmes et ces réflexions constituent ma boîte à outil méthodologique pour aborder la question territoriale.</phrase>
  <phrase>Ils composent un « cadavre exquis » complété au fil du temps et des expériences autant qu’un état des lieux de la commande – seul principe de réalité dans une pratique privée dont le projet est le moteur, même s’il n’est pas la finalité.</phrase>
  <phrase>La possibilité, je peux même dire la chance, de pouvoir mettre de l’ordre dans cet ensemble et de mener un premier essai de synthèse m’a été offerte par l’expérience du schéma de cohérence territoriale (SCOT) de Montpellier.</phrase>
  <phrase>Un nouveau cadre de gouvernance, une nouvelle chaîne de documents d’urbanisme et une procédure adaptée (mais aussi exceptionnelle à ce jour), celle d’une étude de définition: voilà le cadre idéal proposé par l’agglomération montpelliéraine.</phrase>
  <phrase>Un certain nombre de mes confrères et amis n’ont pas cru à cette ouverture arguant d’une double incapacité: celle d’établir <dyn n="1">un projet urbain</dyn> à une échelle aussi considérable et celle d’aborder une telle tâche sans les moyens, les outils et les échelles de temps dont peut disposer une agence d’urbanisme.</phrase>
  <phrase>Mon hypothèse de travail a été différente.</phrase>
  <phrase>Puisque l’étude de définition permettait d’aborder les questions de fond et de méthode, puisque les élus, pas plus que nous, n’étaient préparés à cette situation, c’était l’occasion de donner un contenu à un projet de cohérence qui ne soit pas une simple adaptation des plans directeurs antérieurs.</phrase>
  <phrase>Il nous fallait inventer ensemble.</phrase>
  <phrase>L’essentiel était d’accompagner ce nouveau statut de gouvernance urbaine qui se mettait en place, dans un climat de scepticisme des élus, peu coutumiers d’une intervention à cette échelle.</phrase>
  <phrase>Il serait bien temps d’évaluer plus tard les moyens nécessaires pour remplir une mission qui, la réalité le montre maintenant de ville en ville, est largement ouverte à l’interprétation.</phrase>
  <phrase>Mais je n’aurais pas abordé ce défi sans un point de vue préalable, l’idée d’une inversion du regard qui consistait à regarder <lieu type="obj" n="1">la ville-centre</lieu> depuis l’extérieur, pour <perc n="1">abolir l’idée</perc> d’<dyn n="1">extension par cercles radioconcentriques</dyn>  et jeter les bases d’une ville-territoire <dyn n="2">organisant de nouveaux liens entre <lieu type="obj" n="2">les communes</lieu></dyn>.</phrase>
  <phrase>Dans une ville sans industrie où la biodiversité et l’agriculture urbaine sont des données majeures, l’inversion du regard consiste aussi à faire du grand paysage le centre des enjeux en le considérant non seulement comme sanctuaire, mais comme lieu de vie et partenaire économique pour <dyn>les développements <tps>futurs</tps></dyn>.</phrase>
  <phrase>Ce choix était pour moi une évidence et même un a priori, et j’attendais l’occasion d’exprimer, à une échelle significative, cette réalité prégnante des aires métropolitaines contemporaines.</phrase>
  <phrase>Cette démarche était conçue comme la base d’un plan de <dyn><perc>lutte</perc> contre l’étalement urbain</dyn>.</phrase>
  <phrase><dyn>Le réduire de moitié</dyn> est maintenant l’objectif affiché.</phrase>
  <phrase>Mais ce n’est pas une injonction, c’est la résultante d’une alternative urbaine qu’il a fallu construire.</phrase>
  <phrase>Introduire comme point central du débat la problématique de la « limite » – des limites qui ne soient pas vues comme des interdictions, des barrières mais comme des <dyn>projets établissant de nouvelles relations entre ville et nature</dyn> –, avec comme corollaire la recherche de principes d’intensité urbaine, était une façon de considérer simultanément la densité, les modes de vie, les principes de mobilité et la relation au paysage.</phrase>
  <phrase>Autre enjeu: construire un SCOT « projet » et pas un SCOT règlement.</phrase>
  <phrase>Une chaîne de production urbaine qui ne s’arrête pas au règlement des PLU mais où les valeurs du SCOT sont mises en œuvre dans des études préopérationnelles recouvrant les zones d’enjeux communautaires.</phrase>
  <phrase>C’est pour moi le niveau pertinent pour rendre compréhensible et opérationnelle une démarche de développement durable tout <dyn>en proposant <lieu type="obj">de nouvelles formes urbaines</lieu></dyn>.</phrase>
  <phrase>Dans la méthode proposée qui alternait débats, ateliers et conférences, le plaisir de découvrir ensemble les principes d’un « territoire collectif » a très vite dépassé la question des conflits localisés.</phrase>
  <phrase>Le jour de l’approbation du SCOT, les élus ont voté le principe d’un rattachement de l’agglomération à celle de Sète.</phrase>
  <phrase>Cela montre pour moi deux choses : <act>la confiance</act> dans <dyn>leur propre projet d’<lieu type="obj">agglomération</lieu></dyn> et le fait qu’une limite pertinente ne soit pas la conséquence d’un découpage administratif mais bien d’une ambition et d’un projet collectifs.</phrase>
  <phrase>Ce sont là les particularismes du SCOT que nous avons mené à Montpellier.</phrase>
  <phrase>Un tel projet n’a été possible que parce qu’une maîtrise d’ouvrage éclairée a été en mesure de construire une méthodologie adaptée et que le projet a été porté comme un projet politique.</phrase>
  <phrase>Cette étude questionne aussi l’organisation des métiers de l’urbanisme.</phrase>
  <phrase>Entre les tenants du <dyn n="1">projet urbain</dyn> que se sont approprié les architectes et ceux de <dyn n="2">l’action territoriale</dyn> qui serait le domaine des <act n="2">urbanistes</act> s’est engagé un débat stérile.</phrase>
  <phrase>Comment peut-on opposer le temps long au temps court, la grande échelle au <dyn>projet localisé</dyn>, la ville visible à la ville invisible ou le public au privé?</phrase>
  <phrase>Dans les autres pays d’Europe mais aussi parfois en France, nos métiers s’organisent selon des modes plus mobiles et plus réactifs et je ne vois pas au titre de quelle exception nous ne serions pas concernés par ces évolutions en matière d’action et encore plus de formation.</phrase>
  <phrase>Ce déplacement des problématiques impose aussi une révision des modes de conception et de représentation du projet.</phrase>
  <phrase>Les chaînes de la programmation, du montage opérationnel et de la formalisation fonctionnent maintenant en parallèle et chaque projet doit être conçu comme un assemblage de ces données.</phrase>
  <phrase>Dans un monde de l’image et de la communication, une nouvelle relation s’établit entre les habitants et <dyn>l’action urbaine</dyn>.</phrase>
  <phrase>Il ne suffit plus de donner à savoir, il faut aussi donner à voir et cela à toutes les échelles d’<dyn>un projet de <lieu type="obj">territoire</lieu></dyn>.</phrase>
  <phrase>Dans cette extension du domaine du visible, l’expression graphique n’est plus limitée à la création mais sert de support à l’idée plus large d’intelligence du territoire.</phrase>
  <phrase>Mais dessiner une stratégie, un concept, une matrice urbaine ou un projet sont des responsabilités différentes qui demandent à être clarifiées et partagées.</phrase>
  <phrase>Le fait, par exemple, que les géographes ne dessinent plus est une aberration difficile à comprendre.</phrase>
  <phrase>Je voudrais aussi récuser l’idée fort répandue que <dyn>l’action urbaine</dyn> ne peut se concevoir que dans la durée.</phrase>
  <phrase>Par nécessité pour une structure privée mais surtout par goût, je me sens intimement lié à la culture du projet.</phrase>
  <phrase>Et je pense qu’on a laissé s’installer une confusion néfaste entre le temps du projet et le temps de la ville.</phrase>
  <phrase>C’est la négation d’un urbanisme de valorisation ou d’impulsion qui est pourtant maintenant au cœur des enjeux urbains.</phrase>
  <phrase>Les IBA allemands sont des structures limitées à une durée de vie de dix ans.</phrase>
  <phrase>La question n’est pas alors de <dyn>s’installer dans la durée</dyn> mais de structurer des concepts et de garantir la transmission des actions entreprises.</phrase>
  <phrase>Quelques convictions</phrase>
  <phrase>Pour conclure, j’aimerais faire part de quelques convictions qui résument ma façon de situer les métiers de l’urbanisme et qui guident mon travail sur la ville.</phrase>
  <phrase>Mon premier constat est que contrairement aux <tps>années 1970</tps> où <lieu type="obj">l’espace urbain</lieu> <dyn>a changé</dyn> <tps>plus vite que la société</tps>, c’est à présent la société qui se transforme plus vite que l’espace.</phrase>
  <phrase>La grande utopie urbaine de notre temps n’est pas liée à une forme urbaine précise, c’est l’évolution des modes de vie elle-même qui s’opère autour de deux facteurs d’évolution dominants : l’augmentation de la mobilité et l’intrusion de la virtualité dans les relations interpersonnelles.</phrase>
  <phrase>C’est une situation inédite dans l’histoire des villes car, peut-être pour la première fois, les mutations que nous vivons n’ont pas une résonance immédiate dans la façon de <dyn>concevoir <lieu type="obj">l’espace</lieu></dyn> comme cela a été le cas pour la ville industrielle ou la ville moderne.</phrase>
  <phrase>On peut seulement reconnaître une échelle de réflexion pertinente, celle de la ville-territoire et affirmer un enjeu prioritaire: que cette ville, malgré sa dispersion, reste une ville partagée.</phrase>
  <phrase>La situation d’instabilité provoquée par un tel cycle de mutations incite alors à se demander ce qui a encore du sens pour cette société au-delà des valeurs individuelles, familiales ou même communautaristes.</phrase>
  <phrase>Selon l’analyse de Chris Younès, ce sont la mémoire et l’environnement qui constituent les points d’ancrage pour un projet collectif.</phrase>
  <phrase>Si la question de la mémoire semble la mieux identifiée dans nos pratiques urbaines, à y regarder de plus près, notre mode de pensée reste pourtant dominé par la doctrine moderne qui a isolé <dyn n="1">le développement</dyn> (n’hésitant pas à se référer à l’idéologie de <dyn n="2">la table rase</dyn>) de <dyn n="3">la « sanctuarisation » des valeurs patrimoniales</dyn>.</phrase>
  <phrase>À l’échelle territoriale, c’est un concept défensif inopérant quand il s’agit de penser <dyn>de nouveaux modes de développement</dyn>.</phrase>
  <phrase>Il contribue à constituer des isolats alors que ce sont des liens que nous recherchons et la covisibilité qui guide nos principes de protection, qui construit d’une certaine façon cette mise à distance.</phrase>
  <phrase>Cette relation entre une démarche défensive et une valeur de projet est encore plus évidente pour l’environnement, autre valeur partageable.</phrase>
  <phrase>Selon la formule de Zaki Laïdi, nous sommes passés « d’une société de projets communs à une société de risque partagé », et ce n’est pas une mince évolution.</phrase>
  <phrase>Chaque jour l’actualité met en évidence cette ligne de solidarité devant les effets des cataclysmes naturels, mais à l’échelle locale, c’est bien l’inquiétude qui devient le sentiment récurrent.</phrase>
  <phrase>La question tient alors dans l’interprétation politique que l’on peut faire du principe de précaution: va-t-on mettre en place une surréglementation ou bâtir un projet collectif et à quelles échelles pertinentes peut se mettre en place un tel projet ?</phrase>
  <phrase>Entre les préoccupations de la planification et celles des <dyn>projets urbains</dyn>, il y a dans nos modes de pensée et d’action un « chaînon manquant ».</phrase>
  <phrase>C’est celui de « zones d’enjeu » de l’ordre d’un millier d’hectares qui devraient être identifiées par les SCOT et faire l’objet de modes d’investigation spécifiques.</phrase>
  <phrase>À ce niveau <dyn>peut se définir <lieu type="obj">l’espace public</lieu></dyn> <lieu type="loc">de la ville contemporaine</lieu> (interprété au sens large) et s’il fallait un seul mot pour le qualifier, c’est celui d’espace « fluide » qui s’imposerait pour moi.</phrase>
  <phrase>Une adéquation qui conjugue une réalité physique – la fragmentation –, une pratique – la mobilité – et une aspiration – le contact avec la nature.</phrase>
  <phrase>Dans la ville européenne, l’espace fermé n’est vraiment reconnu qu’au titre de l’histoire : <dyn><lieu type="obj">une forme urbaine</lieu> stabilisée et patrimoniale</dyn> tirant sa valeur de sa rareté et de son caractère « non renouvelable ».</phrase>
  <phrase>C’est l’espace ouvert qui est maintenant plébiscité et si cela n’empêche pas de <dyn>concevoir <lieu type="obj">des formes urbaines denses et compactes</lieu></dyn> c’est toujours avec en contrepoint la présence d’un horizon.</phrase>
  <phrase>L’horizon plus que la perspective, voilà donc le facteur d’évolution le plus évident.</phrase>
  <phrase>Dans son travail, le vidéaste Bill Viola nous parle de cette évolution en prédisant la fin de « l’espace illusionniste » de la Renaissance, celui de la composition utilisant la perspective comme outil de représentation.</phrase>
  <phrase>Il oppose à cette composition statique, qui nous guide depuis cinq siècles, une composition mentale, dont les racines se fondent dans les cultures anciennes de l’Asie ou du haut Moyen Âge quand les édifices se répondaient entre eux sans pour autant se voir.</phrase>
  <phrase>L’idée que des projets sachent se répondre hors d’une continuité physique est pour moi une clef de la cohérence territoriale: faire du grand paysage un projet à part entière, équilibrer les territoires en termes socio-économiques et trouver les conditions d’une relation entre <dyn>les projets urbains</dyn>.</phrase>
  <phrase>Ce sont les problématiques d’aujourd’hui.</phrase>
  <phrase>À l’autre extrémité de la chaîne de construction, il faut aussi reconsidérer la place de l’architecture.</phrase>
  <phrase>Plus mobile, plus réactive, elle s’est approprié dès les années 1990 le discours urbain d’autant plus facilement que celui-ci devenait faible et hésitant.</phrase>
  <phrase>Elle parle de fragmentation, de « tension » ou de nature avec une liberté de ton parfaitement stimulante.</phrase>
  <phrase>Elle s’est conceptualisée sur les traces de l’art contemporain et a acquis un niveau d’autonomie avec pour conséquence directe que c’est souvent le projet qui « fait contexte ».</phrase>
  <phrase>Ce dernier est considéré comme un prétexte ou une réalité faible et assoupie qui va être révélée et réveillée par le projet.</phrase>
  <phrase>Pour preuve, on peut constater en amont du projet l’appel systématique à des images de référence qui pour être intelligibles renvoient à l’« imaginaire généralisé » dont parlait Roland Barthes.</phrase>
  <phrase>Même dans une forme cultivée et élitiste, c’est une sorte de délocalisation du contexte, une forme subtile de la globalisation.</phrase>
  <phrase>Dans le même temps, il y a un autre imaginaire moins glorieux qui se développe.</phrase>
  <phrase>C’est celui des « packages urbains » prenant la forme du « régionalisme international » promu par le New Urbanism ou celle des <lieu type="obj">espaces « hypermodernes »</lieu> que l’on <dyn>voit s’installer</dyn> <lieu type="loc">dans de nombreuses villes</lieu>.</phrase>
  <phrase>Même sans aller jusqu’aux <dyn><lieu type="obj">formes extrêmes</lieu> conçues</dyn> <lieu type="loc">en Asie</lieu> ou <lieu type="loc">au Moyen-Orient</lieu>, ces produits urbains des temps modernes introduisent dans la ville européenne un mouvement de banalisation, de surformalisation et de profusion des signes qui par facilité pourraient très bien se substituer à une politique raisonnée de l’espace.</phrase>
  <phrase>Dans un monde d’images, Roland Barthes disait que la société avait deux moyens pour « assagir » la photographie: « L’art car aucun art n’est fou… » et « la généralisation, la grégarisation, la banalisation au point qu’il n’y avait plus en face d’elle aucune autre image par rapport à laquelle elle puisse se marquer… » L’architecture en est peut-être à ce stade, d’autant plus si s’estompe la notion de territoire.</phrase>
  <phrase>Un mode de <dyn>production de <lieu type="obj">l’espace urbain</lieu></dyn> devenu commun est celui de l’exposition d’architecture inspiré du modèle allemand qui se développe dans l’univers égocentré des ZAC.</phrase>
  <phrase>Sur la base d’un « casting » d’architectes, c’est un compromis subtil entre une position urbaine et des écritures architecturales qui est mis en œuvre.</phrase>
  <phrase>Mais comment agir à l’échelle territoriale?</phrase>
  <phrase>L’exemple vient peut-être des petits pays comme la Hollande ou la Suisse qui dans des domaines différents suivent des voies originales.</phrase>
  <phrase>D’un côté, l’exploration des nouvelles formes de la modernité, de l’autre, une culture de l’espace qui fait le succès mondial de l’architecture suisse.</phrase>
  <phrase>Une démarche qui procède par « réduction des signes » en mettant en situation des objets simples et maîtrisés dans leur relation à l’environnement.</phrase>
  <phrase><dyn>Insertion urbaine</dyn> ou installation artistique?</phrase>
  <phrase>Les deux valeurs sont exploitées avec un sentiment durable ou événementiel comme l’a montré l’Expo 2002.</phrase>
  <phrase>Bien sûr, en Suisse la surformalisation est peut-être moins nécessaire, elle préexiste dans le paysage lui-même.</phrase>
  <phrase>Comment allons-nous situer dans ce débat?</phrase>
  <phrase>Construire une culture de l’espace qui nous soit propre en concevant cette tâche comme la part visible d’un grand projet environnemental est sans doute <dyn>le chantier urbain</dyn> des <tps>prochaines décennies</tps>.</phrase>
  <phrase>C’est peut-être cela la « réalité utopique ».</phrase>
  <phrase>C’est en tout cas l’hypothèse que je m’attache à défendre de projet en projet.</phrase>
</root>
