<?xml version="1.0" ?>
<root>
  <phrase>﻿Imaginer l’évidence</phrase>
  <phrase>Álvaro Siza</phrase>
  <phrase>En guise de préambule On me demande souvent de parler de mon travail.</phrase>
  <phrase>J’écrirai juste quelques lignes, huit points, tout au plus.</phrase>
  <phrase>1.</phrase>
  <phrase>Le projet commence lorsque je visite un site, parfois avant, à partir de l’idée que je m’en fais – une description, une photographie, une chose lue ou dont j’ai entendu parler.</phrase>
  <phrase>Cela ne veut pas dire que tout sera gardé de la première esquisse.</phrase>
  <phrase>Elle est un commencement.</phrase>
  <phrase>La plupart des éléments des projets que j’ai faits étaient présents dès la première esquisse.</phrase>
  <phrase>Dans le désordre.</phrase>
  <phrase>Un site vaut pour ce qu’il est, ce qu’il peut ou désire être – deux choses qui s’opposent peut-être, mais qui ne sont jamais sans rapport.</phrase>
  <phrase>Il n’y a pas de désert, si l’on est quelque part.</phrase>
  <phrase>Je peux toujours être l’un des habitants.</phrase>
  <phrase>L’ordre, c’est d’unir des opposés.</phrase>
  <phrase>2.</phrase>
  <phrase>On dit de moi que je dessine dans les cafés, que je suis l’architecte des petites œuvres.</phrase>
  <phrase>Ayant fait l’expérience de grands programmes, je ne les trouve pas vraiment plus difficiles.</phrase>
  <phrase>Oui, c’est vrai, je fais des projets dans les cafés, pas comme Toulouse-Lautrec dans les cabarets, ni comme un Prix de Rome dans les ruines antiques.</phrase>
  <phrase>L’atmosphère des cafés n’a rien d’exaltant.</phrase>
  <phrase>À Porto, c’est l’un des seuls lieux où l’on peut être anonyme, et se concentrer.</phrase>
  <phrase>Ce n’est pas pour essayer d’échapper aux réunions, à l’interdisciplinarité, à la réglementation, aux catalogues de composants préfabriqués, aux ordinateurs ou aux réunions d’habitants.</phrase>
  <phrase>Mais pour dépasser ce avec quoi et ce pourquoi on travaille.</phrase>
  <phrase>3.</phrase>
  <phrase><dyn accompli="non">Certains de mes projets</dyn> ont provoqué de longs débats avec des groupes organisés de résidents ou de futurs résidents.</phrase>
  <phrase>Au Portugal qui émergeait de la révolution de 1974, il n’était même pas question de le vouloir ou pas.</phrase>
  <phrase>Le combat pour l’habitat à Porto, à Lisbonne ou dans l’Algarve, une fois les chaînes brisées, dépassait de loin les limites de la maison, du district ou de la coopérative.</phrase>
  <phrase>Il concernait la ville.</phrase>
  <phrase>Bref épisode.</phrase>
  <phrase>Ce qui a été un profond mouvement dégénère en un confortable alibi, un modérateur aliénant, un refus de se lancer dans une reformulation nouvelle des désirs – que ce soient ceux des autres ou les nôtres.</phrase>
  <phrase>4.</phrase>
  <phrase>On dit de mon travail, celui d’avant ou d’aujourd’hui, qu’il est fondé sur l’architecture traditionnelle de notre région.</phrase>
  <phrase>Ce qui est vrai, c’est que les bâtiments m’ont fait découvrir l’obstination d’un artisan ou l’opinion d’un passant, qui regarde et qui juge.</phrase>
  <phrase>La tradition est un défi pour l’innovation.</phrase>
  <phrase>Elle est faite de greffes successives.</phrase>
  <phrase>Je suis conservateur et traditionaliste – cela signifie que je vais à travers les conflits, les compromis, l’hybridation, la transformation.</phrase>
  <phrase>5.</phrase>
  <phrase>Ils disent, et mes amis aussi, que je n’ai pas de théorie ou de méthode.</phrase>
  <phrase>Que rien de ce que je fais ne peut avoir valeur de modèle.</phrase>
  <phrase>Ou encore que c’est une sorte de navire à la merci des vagues, mais qui ne sombre pas.</phrase>
  <phrase>Je ne fais pas prendre trop de risques à notre navire, du moins en haute mer.</phrase>
  <phrase>J’étudie les courants, les remous, avant de tracer la route.</phrase>
  <phrase>Il m’arrive d’être seul, arpentant le pont.</phrase>
  <phrase>Mais tout l’équipage est là, le capitaine est un fantôme…, il n’est pas évident de trouver la bonne direction.</phrase>
  <phrase>6.</phrase>
  <phrase><perc type="axiol" pol="neg">Je n’aimerais pas</perc> <dyn nature="crea">construire de mes propres mains</dyn> ce que je dessine.</phrase>
  <phrase>Ni tout dessiner moi-même.</phrase>
  <phrase>Ce serait stérile.</phrase>
  <phrase>Le corps humain – la main, l’esprit, et tout le reste – ne s’arrête pas au corps de chaque individu.</phrase>
  <phrase>Et on ne peut le morceler en fragments indépendants.</phrase>
  <phrase>7.<dyn accompli="non" n="1"><lieu type="obj" n="1">Mes bâtiments</lieu> inachevés, interrompus, altérés</dyn>, <perc type="axiol" n="2">n’ont rien à voir</perc> avec la croyance en une œuvre « ouverte » ou avec l’esthétique de <dyn accompli="non" n="2">l’inachevé</dyn>.</phrase>
  <phrase>Mais ils ont à voir avec <perc type="axiol+autre" n="1">l’éprouvante impossibilité</perc> de <dyn accompli="oui" n="1">mener à bien</dyn>, avec des obstacles que je ne parviens pas à surmonter.</phrase>
  <phrase>8.</phrase>
  <phrase>Je discutais avec un artisan sur la façon de poser des carreaux de céramique de 30 x 30 centimètres sur un sol inégal : en diagonale comme je le proposais, ou parallèle à l’un des murs.</phrase>
  <phrase>Il m’a répondu: ici, à Berlin, ça ne se fait pas ainsi.</phrase>
  <phrase>Le lendemain je retourne sur le chantier.</phrase>
  <phrase>L’artisan me dit : vous aviez raison, c’est plus facile en biais.</phrase>
  <phrase>Notre intérêt était le même : <dyn nature="crea">construire</dyn> <perc type="axiol" pol="pos">de la façon la plus pratique et la plus rationnelle</perc> – au Parthénon, à Chartres ou à la Casa Milà.</phrase>
  <phrase>Et aujourd’hui : redécouvrir l’étrange magie des évidences.</phrase>
  <phrase>Imaginer l’évidence – Lisbonne - le Chiado et Macao</phrase>
  <phrase>J’ai toujours eu une difficulté à définir la frontière entre plan et projet.</phrase>
  <phrase>Quand je reçois une commande pour l’élaboration d’un plan, les incompréhensions se manifestent dès la rédaction du contrat.</phrase>
  <phrase>Ainsi pour <doc>le plan</doc> de <dyn nature="repr" proces="iter">rénovation du <lieu type="obj">Chiado</lieu></dyn> <lieu type="loc">à Lisbonne</lieu>, j’ai décidé de définir les lignes générales, les principes et le règlement, en laissant aux propriétaires le choix des architectes.</phrase>
  <phrase>Le résultat final n’a pas été brillant et confirme <perc type="axiol" pol="neg">la difficulté contemporaine</perc> de <dyn nature="crea">construire en continuité</dyn> à travers des interventions individuelles.</phrase>
  <phrase>Et pourtant des expériences positives ont été réalisées par le passé, comme le démontrent celles du SAAL[1], à Porto, dans la période immédiatement après la révolution de 1974.</phrase>
  <phrase>Álvaro SIZA [1] SAAL: service mobile d’appui local, <dyn nature="repr" proces="iter">opérations de restructuration de <lieu type="obj">logements sociaux</lieu></dyn> avec la participation des <act type="pers_coll">habitants</act> et des <act type="pers_coll">architectes urbanistes</act>.</phrase>
  <phrase>Une grande affinité, une identité de préoccupations existait alors entre les différents architectes, due également à la vivacité des débats sur la ville et sur l’architecture.</phrase>
  <phrase>Malgré la jeunesse et le manque d’expérience des protagonistes, les volontés coïncidaient, pouvant compter avec la participation des citoyens.</phrase>
  <phrase>Néanmoins, ce bref épisode n’a pas eu de suite et aujourd’hui aucune correspondance n’existe dans les multiples volontés de transformation.</phrase>
  <phrase>Les architectes n’en sont certainement pas les seuls responsables.</phrase>
  <phrase>Au Chiado est particulièrement évidente l’inexplicable interruption de ce qui était clairement défini par le plan : le respect des espaces ouverts, des vides, la liaison entre les parties contiguës et la recherche de correspondance entre les différents secteurs.</phrase>
  <phrase>L’évidente relation entre la spatialité intérieure et extérieure était prioritaire et n’a pas été entièrement considérée.</phrase>
  <phrase>Pareille situation ne surprend pas complètement.</phrase>
  <phrase>Elle est la conséquence du moment particulier de crise que l’on constate dans <lieu type="obj">le centre de Lisbonne</lieu>, et <dyn>sa relative <perc type="axiol" pol="neg">décadence</perc></dyn> par rapport à d’autres secteurs de la ville, comme ceux le long du Tejo.</phrase>
  <phrase>Une situation exceptionnelle dans mon activité professionnelle a été le travail à Macao.</phrase>
  <phrase>Au début <perc type="axiol" pol="neg" n="1">il m’a paru particulièrement difficile de définir les principes</perc> pour <dyn nature="crea" n="1">construire <lieu type="obj" n="1"><dyn nature="crea" n="2"><res n="2">des surfaces à conquérir</res></dyn></lieu></dyn> <lieu type="loc" n="2">sur la mer</lieu>.</phrase>
  <phrase>Ainsi, pour la première fois pour moi manquaient des références directes (accidents topographiques, constructions existantes, histoire) qui constituent généralement les coordonnées sûres pour l’élaboration d’un projet.</phrase>
  <phrase>J’ai dû alors prendre en compte d’autres relations.</phrase>
  <phrase>La collaboration interdisciplinaire dans ce sens a été déterminante, comme la présence de spécialistes de Hong Kong, en plus des Anglais et des Hollandais, pour les aspects techniques liés à <dyn nature="crea">la construction</dyn> <lieu type="loc">sur l’eau</lieu>.</phrase>
  <phrase>Les fortes contraintes naturelles ont été décisives dans l’articulation du plan.</phrase>
  <phrase>En fait, l’attention aux paramètres géologiques est une constante dans l’histoire de Macao, étant donné la longue tradition dans <dyn nature="crea">la conquête de <lieu type="obj">terrain</lieu></dyn> <lieu type="loc">sur la mer</lieu>.</phrase>
  <phrase><lieu type="obj">La péninsule</lieu> <dyn accompli="non" nature="crea" proces="iter">s’est agrandie successivement</dyn>, car les terrains étaient toujours insuffisants et la mer peu profonde.</phrase>
  <phrase>Mais la principale préoccupation, pendant l’élaboration des études typologiques, consistait à éviter que <dyn nature="crea">la nouvelle extension</dyn> entre <perc type="axiol" pol="neg">en conflit avec le paysage et le profil de la ville</perc>.</phrase>
  <phrase>Malheureusement, les indications du plan ont été altérées pendant <dyn accompli="non" nature="crea" proces="dur">la réalisation</dyn> et l’image finale s’en ressent.</phrase>
  <phrase><lieu type="obj">La hauteur des bâtiments</lieu>, par exemple, <dyn>a été multipliée par deux par rapport à ce qui était prévu</dyn>.</phrase>
  <phrase>Le rythme de <dyn nature="crea">développement de <lieu type="obj">cette région</lieu></dyn>, en ce moment, <perc type="axiol">est particulièrement intense</perc>, <cause>sous l’influence des liaisons avec Hong Kong et Canton</cause>.</phrase>
  <phrase>L’ex-colonie anglaise a constitué un modèle de référence pour <dyn nature="crea">l’extension de <lieu type="obj">la ville</lieu></dyn>.</phrase>
  <phrase>À Hong Kong, les gratte-ciel ont le relief comme fond et la monumentalité du paysage absorbe tout, domine et réunit, comme à Rio de Janeiro.</phrase>
  <phrase>Dans cette ville, les conditions naturelles, les sculptures des rochers font le contrepoint aux constructions existantes et <dyn nature="crea" n="1">créent <lieu type="obj" n="1">le paysage comme un tout</lieu></dyn>.</phrase>
  <phrase>À Macao, en revanche, la plus haute colline ne dépasse pas 200 mètres.</phrase>
  <phrase>De toute manière, la relation avec le paysage n’était pas le seul problème à considérer, étant donné que Macao possède un centre historique très intéressant et unique en Extrême-Orient.</phrase>
  <phrase>Il était donc nécessaire de prendre en compte non seulement la relation entre la forme de la péninsule et <dyn accompli="non" nature="crea"><lieu type="obj"><res>les nouveaux espaces</res></lieu> à construire</dyn>, mais aussi entre le tissu ancien et celui que l’on proposait.</phrase>
  <phrase>La limite entre la terre et la mer est très accidentée.</phrase>
  <phrase><doc n="1">La proposition</doc> <perc type="axiol" n="1">prétendait</perc> <dyn nature="maint" n="1">conserver <lieu type="obj" n="1">cette ligne de côte si pleine de détails</lieu></dyn> et de <dyn accompli="non" nature="crea" n="2">construire <lieu type="obj" n="2"><res n="2">deux grandes plates-formes</res></lieu></dyn>, l’une tournée vers l’est et l’autre vers le sud, très géométriques, comme deux grands navires ancrés dans les eaux de la péninsule.</phrase>
  <phrase>Un canal sépare la plate-forme et la côte.</phrase>
  <phrase>Ce dialogue particulier entre nouveau et ancien, à grande échelle, est particulièrement utile pour le drainage, comme l’ont confirmé les consultants hollandais.</phrase>
  <phrase>Les points de contact proposés, larges et peu nombreux, n’empêcheront pas le passage de l’eau quand <lieu type="obj">les voies existantes</lieu> <dyn>seront insérées</dyn> <lieu type="loc">dans le nouveau tracé</lieu>.</phrase>
  <phrase>L’organisation de ces plates-formes est constituée essentiellement d’une grille semblable à celle utilisée pendant la colonisation philippine, avec un module de 144 x 144 mètres.</phrase>
  <phrase>En Amérique du Sud, j’ai eu l’opportunité de vérifier sa remarquable flexibilité.</phrase>
  <phrase>Elle représente une manière de penser l’urbanisme très différente de celle des Portugais dans leurs colonies.</phrase>
  <phrase>Les villes que j’ai visitées au Brésil sont très différentes des <dyn accompli="oui" nature="crea"><lieu type="obj"><res>villes</res></lieu> fondées</dyn> par <act type="pers_coll">les Espagnols</act>.</phrase>
  <phrase>Ces derniers ont choisi les plates-formes de niveaux, sur lesquelles s’étendait la grille, définie très précisément par le code philippin.</phrase>
  <phrase><dyn nature="crea">L’implantation espagnole</dyn> – encore valable aujourd’hui – <perc type="axiol" pol="pos">réunit toute la sagesse urbanistique des temps les plus anciens</perc>.</phrase>
  <phrase>Elle <perc type="axiol" pol="neg" n="1">a souffert</perc> des <dyn nature="modif" proces="iter" n="1">multiples transformations</dyn>, et constitue le tracé des <dyn nature="crea" n="2">nouveaux développements</dyn> <perc type="axiol" n="2">clandestins</perc> <lieu type="loc" n="2">dans la périphérie des villes</lieu>.</phrase>
  <phrase>À l’inverse, les villes portugaises cherchent des lieux beaucoup plus accidentés pour que les caractéristiques propres au terrain <perc type="autre">puissent aider</perc> <dyn nature="crea">la construction</dyn>.</phrase>
  <phrase>Ainsi, <dyn accompli="non" nature="crea" n="1">le tracé</dyn> <dyn n="2"><perc type="autre" n="2">doit</perc> s’adapter à <lieu type="obj" n="2">la topographie</lieu></dyn> tandis que l’architecture, assez simple, trouve dans sa difficile relation au terrain son caractère extraordinaire (à Rio de Janeiro, à Macao, en Inde).</phrase>
  <phrase>Et pourtant, nous avons proposé <dyn accompli="non" nature="crea" n="1">le tracé espagnol</dyn> qui <dyn n="2">s’adapte mieux au <lieu type="obj" n="2">site</lieu></dyn> – un plan artificiel – et approfondi la distance entre l’ancien et le nouveau.</phrase>
  <phrase><dyn accompli="non" nature="crea">Le dessin des <lieu type="obj"><res>espaces publics</res></lieu> et de l’architecture</dyn> a été influencé par l’étude de la ville et des petites maisons chinoises à deux niveaux, avec leur composition parfaite malgré les juxtapositions occidentales (déco, moderniste…).</phrase>
  <phrase>De ces deux matrices, architecture locale et internationale, pouvait venir la référence essentielle pour <dyn n="1">la nouvelle architecture de <lieu type="obj" n="1">la ville</lieu></dyn>.</phrase>
  <phrase>Une très belle image de Macao est en réalité celle des figuiers avec ses grandes racines, créant une sorte de toit, une grande sculpture.</phrase>
  <phrase><lieu type="loc" n="1">Sur une de ces plates-formes</lieu> <dyn accompli="non" nature="crea" n="1">a été dessinée <lieu type="obj" n="1">une allée plantée d’arbres de grandes dimensions</lieu></dyn>, avec un jardin chinois sur l’un des côtés.</phrase>
  <phrase>L’utilisation de la grille dans les villes portugaises a un précédent important dans <dyn accompli="oui" nature="repr+crea" proces="iter"><lieu type="obj">la Baixa de Lisbonne</lieu>, entièrement reconstruite</dyn> <tps axe_temp="pas" type="dur" absolu="oui">après le tremblement de terre de 1755</tps>.</phrase>
  <phrase>Le Chiado en fait partie et constitue une des limites de ce vaste dessin qui rencontre, dans les collines qui le délimitent, le noyau ancien, avec sa typique topographie accidentée.</phrase>
  <phrase>La ville est constituée de la répétition de petites unités qui assurent le tissu continu, duquel émergent ponctuellement les grandes structures institutionnelles.</phrase>
  <phrase>À Lisbonne, le contraste entre le tissu fragmenté, presque cubiste, influencé par la culture arabe, et les grandes constructions, les grands palais, m’a toujours impressionné.</phrase>
  <phrase>Ce double registre détermine l’intensité de l’expression architecturale.</phrase>
  <phrase>Il n’existe pas de monument dans la ville sans la continuité anonyme de multiples constructions : il s’agit d’aspects qualitatifs complémentaires.</phrase>
  <phrase>Malgré cela, la perte de sens dans le rôle de chaque construction est patente pour tout le monde.</phrase>
  <phrase>L’ambition généralisée de la singularité fait disparaître la notion de singularité et banalise le territoire.</phrase>
  <phrase><dyn n="1">L’intervention <lieu type="obj" n="1">au Chiado</lieu></dyn>, <perc type="autre" n="1">nécessaire</perc> <tps axe_temp="pas" type="dur" absolu="oui" n="1">après l’incendie de 1988</tps>, consiste en <dyn nature="repr+crea" proces="iter" n="2">la reconstruction de <lieu type="obj" n="2">certaines parties de ce grand édifice préfabriqué qu’est la Baixa</lieu></dyn>.</phrase>
  <phrase>Un des éléments constitutifs de <dyn>l’intervention <tps axe_temp="pas">du XVIIIe siècle</tps></dyn>, que le projet récupère, c’est la « cage ».</phrase>
  <phrase>Il s’agissait d’une structure flexible en bois, sur laquelle s’accolaient les façades en pierre, privées de leur fonction structurelle et <tps>souvent</tps> <dyn nature="crea"><perc type="axiol" pol="neg">mal</perc> construites</dyn>.</phrase>
  <phrase>En cas de nouveau tremblement de terre, les occupants resteraient dans les cages tandis que <dyn nature="destr"><lieu type="obj">les façades</lieu> tomberaient</dyn> sans abîmer les bâtiments opposés, la largeur de la rue étant calculée à cet effet.</phrase>
  <phrase>Le projet lance à nouveau l’idée de la cage, maintenant en béton, et récupère toutes les façades qui ont échappé à l’incendie.</phrase>
  <phrase><lieu type="obj">Les cadrages des portes, modénatures et corniches</lieu>, <dyn accompli="oui" nature="repr+crea" proces="iter">ont été reconstruits et restitués à leur fonction d’origine</dyn>.</phrase>
  <phrase>Des altérations ont été introduites seulement là où il était nécessaire d’améliorer le confort.</phrase>
  <phrase>Pour garantir l’isolation thermique ont été utilisées par exemple deux fenêtres parallèles, conservant ainsi le profil délicat des fenêtres existantes.</phrase>
  <phrase>La grille du XVIIe siècle s’interrompt brutalement quand elle rencontre les collines du Bairro Alto et d’Alfama, laissant la relation avec la particularité du site non résolue.</phrase>
  <phrase>Le concepteur devient détective, cherchant à rétablir les correspondances anciennes, vitales, coupées de façon traumatisante et peu perçues.</phrase>
  <phrase>Je me rappelle qu’en me promenant dans la ville pour observer son paysage et sa topographie, <res n="1">un parcours</res> pour <dyn nature="crea" n="1">relier <lieu type="obj">la plate-forme du Chiado</lieu></dyn> <lieu type="loc">à l’église de Carmo</lieu>, lieu d’arrivée de l’ascenseur de Santa Justa, <perc type="autre">m’est apparu nécessaire</perc>.</phrase>
  <phrase>Bien plus tard j’ai retrouvé des documents qui démontraient l’existence de <dyn accompli="oui" nature="destr"><lieu type="obj">ce parcours</lieu>, disparu</dyn> avec le tremblement de terre.</phrase>
  <phrase>Dans un plan de la ville, avec les bâtiments en perspective, est représentée l’église de Carmo avec un escalier qui arrive au Chiado.</phrase>
  <phrase>Ces points difficiles du tracé ont été une extraordinaire stimulation pour le projet.</phrase>
  <phrase>Le Chiado doit être traversé, puisqu’il <dyn>relie <lieu type="obj">deux quartiers importants de la ville</lieu>: <lieu type="obj">le Bairro Alto</lieu> et <lieu type="obj">la Baixa</lieu></dyn>; un des plus anciens accès de Lisbonne, encore aujourd’hui lieu de rencontre constamment fréquenté.</phrase>
  <phrase>Mais <lieu type="obj">le Chiado</lieu> <dyn nature="modif"><perc type="axiol" pol="neg">risque</perc> d’être rendu exclusivement aux piétons</dyn> comme l’ont été quelques rues de la Baixa.</phrase>
  <phrase>Je suis opposé à cette solution qui aggrave les problèmes de trafic et produit l’insécurité la nuit, cause de la fuite des habitants.</phrase>
  <phrase>Il suffit de regarder les rues réservées aux piétons en Hollande pour le constater.</phrase>
  <phrase>Je préfère la coexistence des piétons et des voitures, si vivante à Rome ou à Naples dans la multiplicité de dialogues et même de conflits qu’elle induit.</phrase>
  <phrase>Il est indispensable d’éviter les points de rupture dans la continuité des villes.</phrase>
  <phrase>L’insistance paternaliste à éliminer tous les dangers est contre-productive, car un piéton qui sort d’une rue piétonne rencontre tout d’un coup des menaces contre lesquelles il s’est moins habitué à se défendre.</phrase>
  <phrase>Le piéton sait se déplacer dans la ville, sans avoir besoin de protections obsessionnelles, comme le démontrent les kilomètres de canaux à Venise, sans barrières ni victimes.</phrase>
  <phrase>Œuvrer dans la continuité – Évora -Malagueira[2]</phrase>
  <phrase><perc type="axiol" pol="pos">Un aspect qui m’impressionne beaucoup dans l’architecture et la ville de notre époque</perc> est <dyn>l’empressement avec lequel on veut tout porter à l’achèvement</dyn>.</phrase>
  <phrase>Cette tension vers une solution définitive empêche la complémentarité entre les choses, entre tissu urbain et monument, entre espace ouvert et construit.</phrase>
  <phrase><tps axe_temp="pres">Aujourd’hui</tps> <dyn>n’importe quelle intervention</dyn>, même petite et fragmentée, <perc type="axiol" pol="neg">s’obstine à avoir une image finale</perc>: ainsi s’explique la difficulté d’interpénétration entre les différentes parties de la ville.</phrase>
  <phrase>À Évora, le temps de la compréhension et de l’étude, prolongé et sans fin, m’a permis d’éviter l’application d’un principe unique et préconçu.</phrase>
  <phrase>Au cours de vingt années, le travail a pourtant failli s’interrompre brusquement, considéré sans structure et dispersif ; incapable donc d’offrir une urbanité.</phrase>
  <phrase>L’option initiale du projet consistait à essayer de <dyn n="1">délimiter <lieu type="obj" n="1">le territoire</lieu></dyn> avec des <dyn n="2">interventions disséminées</dyn>, pour que le temps et la capacité de réalisation puissent compléter le dessin, occupant les espaces vides.</phrase>
  <phrase>La possibilité de suivre avec continuité le plan a été décisive dans <dyn n="1">la mise en œuvre du projet urbain</dyn>.</phrase>
  <phrase>Les interprétations du plan du quartier de Malagueira ne sont pas unanimes : certaines, positives, <perc type="axiol" pol="pos" n="1">mettent en valeur</perc> <dyn n="1">les interventions innovantes</dyn>, d’autres dénoncent <dyn accompli="non" proces="dur" n="2"><perc type="axiol" pol="neg" n="2">l’agonie</perc> du processus</dyn>, avec <dyn accompli="non" nature="abs" temps="fut" n="3"><perc type="axiol" n="3">la conviction</perc> de l’absence d’un futur</dyn>.</phrase>
  <phrase>Dans la période qui succède immédiatement à la révolution du 25 avril 1974, un grand territoire situé en dehors des murs de la ville d’Évora a été destiné, dans le cadre du programme SAAL, à une association d’habitants.</phrase>
  <phrase>Malgré l’extension des SAAL, <act type="pers_coll">cette population organisée, composée de cent familles</act>, <perc type="axiol">maintient l’intention</perc> de <dyn accompli="non" nature="crea">construire <lieu type="obj"><res>sa propre maison</res></lieu></dyn>.</phrase>
  <phrase><lieu type="loc" n="1">Sur ce secteur</lieu> existait <doc n="1">un plan</doc>, élaboré à la fin des années 1960, qui prévoyait <dyn accompli="non" nature="crea" n="1">la construction de <lieu type="obj" n="1"><res n="1">bâtiments hauts</res></lieu></dyn>, <dyn accompli="oui" nature="crea" n="2"><lieu n="2"><res n="2">quelques-uns</res></lieu> d’ailleurs réalisés</dyn>, <perc type="axiol" pol="neg" n="2">en menaçant le profil de la ville</perc>.</phrase>
  <phrase><act type="pers_ind">L’architecte urbaniste Nuño Portas, secrétaire pour l’Habitat et l’Urbanisme du gouvernement provisoire</act>, a décidé de <dyn nature="crea">suspendre la construction</dyn> et a défini de nouveaux principes.</phrase>
  <phrase>Ceux-ci prévoyaient la conservation de la densité du plan précédent pour 1200 logements, <dyn nature="maint" n="1">la préservation de <lieu type="obj" n="1">la bande verte qui accompagne la ligne d’eau</lieu></dyn>, encore présente, et <dyn nature="crea" n="2">la construction d’<lieu type="obj"><res n="2">habitations basses très denses</res></lieu></dyn>.</phrase>
  <phrase><perc type="axiol" n="1+2">S’est manifesté alors l’intention, clairement innovante pour le pays</perc>, de <dyn accompli="non" nature="maint" n="1">préserver <lieu type="obj" n="1">le territoire</lieu></dyn> et d’<dyn accompli="non" n="2">expérimenter <lieu type="obj" n="2">des nouvelles solutions pour l’habitat</lieu></dyn>.</phrase>
  <phrase>La commande pour l’élaboration du plan m’a été faite par la municipalité, tandis que <dyn accompli="non" nature="crea">le projet des <lieu type="obj">maisons</lieu></dyn> m’a été confié par l’association des habitants.</phrase>
  <phrase>Ont ainsi été initiés, au même moment, un travail sur la ville et l’architecture.</phrase>
  <phrase>[…] Quand j’ai visité pour la première fois le site, j’ai noté une multiplicité de présences.</phrase>
  <phrase>D’abord, le quartier clandestin de Santa Maria, que le mouvement du terrain cache depuis la route vers Lisbonne et une autre voie communale.</phrase>
  <phrase>Entre ces deux voies apparaît une ligne d’eau.</phrase>
  <phrase>De nombreux repères indiquaient différentes préexistences : un bain arabe, près du courant, une zone plus haute, un arbre de liège, une citerne et encore, un dépôt d’eau.</phrase>
  <phrase>La présence du domaine de Malagueirinha est fondamentale, avec son orangeraie adjacente.</phrase>
  <phrase>Une voie traverse un autre quartier clandestin, à côté de l’école, et deux vieux moulins.</phrase>
  <phrase>Enfin, <dyn accompli="oui" nature="crea"><lieu type="obj"><res>les bâtiments de sept niveaux</res></lieu> construits</dyn> selon <doc>l’ancien plan</doc>.</phrase>
  <phrase>Tout ce secteur était la propriété du domaine.</phrase>
  <phrase>Du terrain, on a une très belle vue d’Évora, ville de granit et de marbre (ce qui arrive rarement) : émergent la cathédrale, une église romane et un théâtre néoclassique.</phrase>
  <phrase>J’ai commencé par étudier la grande vitalité du quartier de Santa Maria, soutenue par la présence de petites activités économiques.</phrase>
  <phrase>Les gens s’éloignent de leur maison pour aller chercher l’eau à la fontaine, pour aller à l’école ou à l’autre quartier : ainsi, au cours des temps, ils <dyn accompli="oui" nature="crea">ont laissé <lieu type="loc">sur le terrain</lieu> le dessin du <lieu type="obj">parcours le plus adapté</lieu></dyn>.</phrase>
  <phrase>Ces traces, très claires, aidaient à expliquer les comportements et la topographie et indiquaient <dyn><perc>les possibilités</perc> de transformation et de relations</dyn>.</phrase>
  <phrase>Il est apparu évident que le lien entre les deux quartiers clandestins était une des questions fondamentales que le projet devait prendre en considération.</phrase>
  <phrase>J’ai ensuite pensé à la nécessité d’un axe est-ouest traversant tout le secteur, ainsi que la ligne d’eau, <dyn n="1">reliant <lieu type="obj" n="1">le nouveau lieu</lieu> <lieu type="loc">à la ville ancienne</lieu></dyn>.</phrase>
  <phrase>Successivement, pour favoriser ces mouvements « invisibles » entre le terrain et la voie vers Lisbonne, <act type="pers_ind" n="1">j</act>’<dyn accompli="non" nature="crea" n="1">ai décidé de tracer aussi <lieu type="obj" n="1"><res n="1">l’axe nord-sud</res></lieu></dyn>, qui se prolonge par un parcours piéton.</phrase>
  <phrase>Cette croix constitue la structure de <dyn>l’intervention</dyn> et, à partir de cette structure, la discussion a commencé.</phrase>
  <phrase><lieu type="loc">Le long de l’axe est-ouest</lieu> ont été proposées <dyn accompli="non" nature="crea">de nombreuses constructions</dyn>, <lieu type="loc">se rapprochant du quartier de Santa Maria</lieu>.</phrase>
  <phrase>Dans l’espace entre les deux quartiers se trouve une voie que j’ai appelée Broadway (nom consolidé par les habitants des lieux).</phrase>
  <phrase>Ce parcours, qui séparait <dyn nature="crea" n="1">les constructions nouvelles</dyn> des anciennes, <perc type="autre" n="2">permet</perc> <dyn nature="repr" proces="iter" n="2">la régénération des <lieu type="obj" n="2">espaces ouverts des maisons préexistantes</lieu></dyn> et rend possibles les accès, escaliers et jardins, pour que les habitants puissent sortir de la clandestinité.</phrase>
  <phrase>Les habitations que j’ai proposées correspondent à une seule typologie : la construction s’éloigne de la rue, en libérant un patio, réunie par le mur du fond à une autre maison qui répète le même dessin de l’autre côté.</phrase>
  <phrase>Les premiers problèmes par rapport au choix de la typologie se sont manifestés pendant la discussion avec les habitants et se sont transformés ensuite en une question politique.</phrase>
  <phrase>S’était répandue l’idée, diffusée dans l’assemblée ou suggérée de l’extérieur, que <dyn nature="crea">construire uniquement <lieu type="obj"><res>des maisons à patio</res></lieu></dyn>, <lieu type="loc">dans un secteur de la ville</lieu>, était <perc type="axiol" pol="neg">inhumain</perc>, <perc type="axiol" pol="neg">inacceptable</perc>.</phrase>
  <phrase>Cette peur de la monotonie est un défi à la recherche de différence qui ne peut pas se résoudre à une question d’esthétique, car s’il en était ainsi, le résultat apparaîtrait tout de suite non naturel, caricaturé ou inventé.</phrase>
  <phrase>[…] La maison à patio n’a pas convaincu tout le monde et, dans très peu de cas, j’ai reçu la demande de déplacer le patio à l’intérieur de l’îlot, demande mue par le désir d’une présence plus forte de la maison sur la rue, et j’y ai répondu car cela s’insérait bien dans la structure générale.</phrase>
  <phrase>Entre-temps, j’ai eu l’idée de <dyn accompli="non" nature="crea">proposer <lieu type="obj">le réseau d’infrastructures</lieu></dyn> <lieu type="loc">à la hauteur des toitures</lieu> : entre les deux maisons accolées dos à dos, passe un conduit principal, le long de l’axe est-ouest.</phrase>
  <phrase>Quelqu’un retient que la référence de cette structure a été l’aqueduc d’Évora, qui, en effet, m’a impressionné.</phrase>
  <phrase>En vérité, puisque les financements dont je disposais prévoyaient seulement <dyn nature="crea">la construction des <lieu type="obj"><res>logements</res></lieu></dyn>, je sentais la limitation donnée par une seule échelle.</phrase>
  <phrase>D’autre part, puisque j’aurais difficilement réussi à obtenir les financements d’autres ministères dans la construction des travaux publics, aussi pour des raisons politiques, je devais imaginer une solution permettant ce dialogue, que l’on voit dans toutes les villes, entre le tissu uniforme des maisons et les édifices collectifs.</phrase>
  <phrase>Cette grande structure qui traverse tout le terrain a donc surtout la fonction de définir une autre échelle.</phrase>
  <phrase>[…] <lieu type="loc" n="1">Entre les îlots et l’aqueduc</lieu>, <act type="pers_ind" n="1">j</act>’<dyn n="1">ai laissé <lieu type="obj" n="1+2">quelques espaces mesurés</lieu></dyn>, ils <dyn accompli="non" nature="crea" n="2">seront occupés</dyn> <tps axe_temp="fut" n="2">successivement</tps> par des activités commerciales.</phrase>
  <phrase><perc type="axiol" pol="neg">Je voulais éviter</perc> <dyn nature="crea">la localisation</dyn> <perc type="axiol" pol="neg">aléatoire</perc> et <perc type="axiol" pol="neg">étrangère à la structure du quartier</perc>.</phrase>
  <phrase>La rencontre entre le conduit principal et le conduit secondaire <perc type="autre" n="1">a permis</perc> <cause n="2"><dyn nature="crea" n="1">la création d’<lieu type="obj" n="1"><res n="1">une série d’espaces interstitiels</res></lieu></dyn></cause> qui <res n="1">multiplient <dyn accompli="non" n="2"><perc type="autre" n="2">les possibilités</perc> de projets</dyn></res>.</phrase>
  <phrase>Paradoxalement, les critiques les plus violentes sont venues de l’interprétation de ces espaces comme <dyn accompli="non"><lieu type="obj">lieux</lieu> non finis</dyn> et j’ai été accusé d’être « incapable de finir ».</phrase>
  <phrase>En réalité la préoccupation morphologique de l’ensemble était très vivante, et <dyn accompli="non" nature="crea" proces="inch"><lieu type="obj">ces lieux</lieu> commencent à être remplis</dyn>.</phrase>
  <phrase>Allier tradition et modernité – La Haye- Schilderswick</phrase>
  <phrase><dyn nature="crea+repr" proces="iter" n="1">La reconstruction des <lieu type="obj" n="1"><dyn n="2">villes détruites</dyn></lieu></dyn> par la Seconde Guerre mondiale a adopté les principes de la Charte d’Athènes.</phrase>
  <phrase><res n="2"><dyn nature="crea" n="1">La construction de <lieu type="obj" n="1"><res n="1">villes nouvelles</res></lieu> ou <lieu type="obj" n="1"><res n="1">de quartiers de ville</res></lieu></dyn></res> a pris corps comme la conséquence du rapide <cause n="1"><dyn nature="crea" n="2">développement économique et urbain</dyn></cause>.</phrase>
  <phrase>L’optimisme et la conviction, caractérisant les années 1950, et l’exigence d’efficacité et de rapidité, ont produit et mis en valeur des modèles universels, presque indépendants de tout contexte.</phrase>
  <phrase>Les résultats sont, sous certains aspects, brillants.</phrase>
  <phrase>Mais l’optimisme est passé.</phrase>
  <phrase>Un regard désenchanté sur la ville contemporaine révèle sa fragmentation, la rigidité des zonages, la marginalisation du centre historique, le schématisme d’une architecture incapable de se « contaminer » dans la confrontation avec la qualité urbaine préexistante ; d’un autre côté, cette architecture n’a jamais réalisé <dyn accompli="non" nature="destr">la tabula rasa</dyn> imaginée sur les tables à dessin.</phrase>
  <phrase>Une critique sans pitié des principes diffusés par les Congrès internationaux d’architecture moderne (CIAM) s’est ainsi généralisée, oubliant que le souffle créateur de la pratique qui les avait inspirés n’aurait pas résisté à leur application automatique et bureaucratisée.</phrase>
  <phrase>Plus récemment, <dyn accompli="non" n="1">des propositions d’intervention nouvelles</dyn> <lieu type="loc" n="1">dans la ville</lieu> sont apparues <lieu type="loc" n="1">un peu partout en Europe</lieu>, caractérisées principalement par : – la participation des habitants, exigée parfois sous la forme d’<dyn n="2"><perc type="axiol" n="2">une sorte de lutte</perc> urbaine</dyn>, face aux décisions qui touchent des secteurs de significative représentativité ; – la réflexion sur <dyn nature="modif" n="3">la transformation de <lieu type="obj" n="3">la ville existante</lieu></dyn>, plus que sur <dyn accompli="non" nature="destr+crea" proces="dur" n="4">le processus de destruction-construction</dyn>; réflexion qui procède d’une plus grande attention au contexte, à la structure de <lieu type="obj" n="4+5">la ville historique</lieu> et à <dyn nature="crea" n="5">son développement <tps axe_temp="pas" type="dur" n="5">aux XVIIIe et XIXe siècles</tps></dyn>, à la relation typologique, à l’approfondissement des techniques et des bases théoriques de <dyn nature="repr" proces="iter"  n="6">réhabilitation</dyn>.</phrase>
  <phrase><dyn nature="repr" proces="iter">Cet effort rénovateur</dyn> <perc type="axiol" pol="neg">n’est pas à l’abri des tendances de simplification et d’omission</perc>, surtout quand il fait le choix d’exclure l’expérience des quarante dernières années ou quand la participation des habitants est considérée comme simple élément de pacification, si souvent réducteur, refusant – par prudence et calcul – un saut créateur qui la qualifie comme partie intégrante du processus de projet.</phrase>
  <phrase>Pour <dyn nature="repr" proces="iter" n="1">la rénovation urbaine du <lieu type="obj" n="1">quartier de Schilderswick</lieu></dyn> <lieu type="loc" n="1">à La Haye</lieu>, les objectifs du plan d’urbanisme incluaient la recherche de méthodes conduisant à une plus étroite relation entre plan et <dyn accompli="non" n="2">projet d’architecture</dyn>, à l’intérieur d’un processus participatif qui se révélait difficile, apparemment du fait des origines variées des habitants immigrés (Surinam, Maroc, Tunisie, Inde, Portugal, etc.).</phrase>
  <phrase>L’approfondissement des débats a donné lieu à un engagement progressivement élargi des habitants.</phrase>
  <phrase>Ces débats ont bénéficié de la volonté politique de la municipalité de La Haye et de la détermination des intervenants dans le processus, assumant les contradictions et les conflits, latents ou patents.</phrase>
  <phrase>Ils se sont développés entre <perc type="boul" n="1">le désir</perc> de <dyn nature="maint" n="1">préserver l’identité particulière de <lieu type="obj" n="1">Schilderswick</lieu></dyn>, en tant que secteur fortement consolidé, et l’ouverture à <dyn nature="modif" n="2">une transformation <perc type="axiol" n="2">irréversible</perc></dyn>, du fait de la modification de la population mais également des exigences « nouvelles » d’utilisation de l’espace et de confort ; la compréhension des conflits a été une source d’enrichissement pour le projet.</phrase>
  <phrase>La contradiction entre <perc type="boul" n="1">le désir</perc> de <dyn nature="maint" n="1">préserver</dyn> et <perc type="axiol" n="2">le désir</perc> de <dyn nature="modif" n="2">changer</dyn>, qui, dans une appréciation superficielle, pourrait être interprétée comme une opposition entre les habitants hollandais et immigrés, a des racines différentes plus profondes ; elle constitue le support fondamental de <dyn nature="modif" n="3">la transformation urbaine <perc type="axiol" pol="pos" n="3">non répressive</perc> et <perc type="axiol" pol="pos" n="3">non instrumentale</perc></dyn>.</phrase>
  <phrase>Une simple réflexion sur l’histoire et la géographie permet de considérer que c’est précisément à l’intérieur du tissu social, dense et complexe, et dans un milieu culturel fortement consolidé que <dyn nature="modif">la transformation urbaine</dyn> <perc type="axiol">est prévisible</perc>.</phrase>
  <phrase>Et c’est là le défi à l’expérience et à la tradition qualitative de <dyn accompli="non">la planification urbaine et architecturale de <lieu type="obj">La Haye</lieu></dyn>.</phrase>
  <phrase>Quelques réflexions sur l’expérience de <dyn nature="modif">la transformation urbaine de <lieu type="obj">Schilderswick</lieu></dyn> s’imposent.</phrase>
  <phrase>Certaines options actuelles de planification, telles <dyn nature="modif" n="1">les <perc type="axiol" n="1">profondes</perc> modifications de <lieu type="obj" n="1">la structure urbaine</lieu></dyn> ou <dyn n="2">la concentration systématique des <lieu type="obj" n="2">zones commerciales</lieu></dyn>, <perc type="axiol" pol="neg" n="1+2">ne sont pas compatibles</perc> avec l’idée d’<dyn nature="modif" n="3">une « transformation <perc n="3">participative</perc> »</dyn> de plus en plus sollicitée ; ces options provoquent des inconvénients et participent à <dyn nature="modif" n="4"><perc type="axiol" pol="neg" n="4">la dégradation</perc> environnante</dyn>.</phrase>
  <phrase><dyn nature="repr" proces="iter">La rénovation</dyn> <perc type="autre">doit être lente et étalée dans le temps</perc> pour maintenir la population locale.</phrase>
  <phrase>Il ne faut pas faire vivre les gens dans un chantier pendant des années ni généraliser la discontinuité et la fragmentation de la vie urbaine.</phrase>
  <phrase>La recherche sur les techniques de récupération, incluant les incidences sur les coûts matériels et sociaux, est à développer.</phrase>
  <phrase>Une meilleure articulation et une plus grande complémentarité entre les activités de planification et de projet sont nécessaires, en supprimant les inconvénients d’une trop rigide et actuellement peu claire délimitation des territoires disciplinaires ; ce qui exige structures et méthodes de travail plus flexibles, devant modifier ainsi la formation des architectes et des planificateurs urbains.</phrase>
  <phrase>La participation des habitants, techniciens et politiques devra signifier un processus ouvert, et non simplement pacificateur ou conformiste ou d’envergure locale et fragmentée ou conduisant à l’établissement de modèles de consensus facile.</phrase>
  <phrase>L’expérience existante discrédite l’apologie des méthodologies universelles, ou plus particulièrement des « techniques et des techniciens de la participation ».</phrase>
  <phrase>La participation permet surtout la généralisation d’une information juste, continuellement actualisée et non limitée entre disciplines, constituant un élément fondamental de créativité, de rigueur et de justice dans <dyn nature="modif">la transformation de <lieu type="obj">la ville</lieu></dyn>. […]</phrase>
  <phrase>Chercher avec désir et plaisir la beauté des villes – Montreuil [3]</phrase>
  <phrase>Montreuil connaît, à la périphérie de Paris, une situation assez proche de ce qui se passe partout.</phrase>
  <phrase>À savoir, <perc type="axiol" pol="neg">le désenchantement survenu</perc> après <dyn accompli="oui" nature="crea+modif"><perc type="axiol" pol="pos">le grand effort</perc> de construction et de transformation</dyn> qu’ont connu <lieu type="obj">les villes européennes d’après-guerre</lieu>.</phrase>
  <phrase>Ce désenchantement succède à la croyance en un monde nouveau et différent.</phrase>
  <phrase>À <lieu type="loc" n="1">Montreuil</lieu>, <dyn nature="modif" n="1">cette transformation</dyn> est venue plus tard, <tps axe_temp="pas" type="dur" absolu="oui" n="1">dans les années 1970</tps>, mais elle s’est faite sur la même <perc type="autre" n="2">croyance</perc> en <dyn nature="destr" n="2">la table rase</dyn>.</phrase>
  <phrase>La non-considération de la vérité topographique (talweg), de la présence de petits lotissements et des divisions antérieures du sol (murs à pêches) me fait penser qu’on a travaillé ici comme sur une feuille blanche.</phrase>
  <phrase>Or la feuille n’est jamais complètement blanche et ne l’a jamais été.</phrase>
  <phrase>De cette façon-là, <lieu type="obj">une partie très significative du centre-ville</lieu> <dyn accompli="oui">a été <perc type="axiol" pol="neg">totalement bouleversée</perc></dyn>.</phrase>
  <phrase><dyn nature="crea" n="1">L’implantation <lieu type="loc" n="1">au cœur de la ville</lieu> d’<lieu type="obj" n="1"><res n="1">un grand ensemble qui commence au sous-sol</res></lieu></dyn> et <dyn n="2">se développe <perc type="axiol" pol="neg" n="2">démesurément</perc></dyn> <perc type="axiol" pol="neg" n="1">a eu des conséquences tout autour du centre</perc>.</phrase>
  <phrase><perc type="axiol">Les changements les plus importants survenus à ce moment-là</perc> ont été <dyn>l’interruption du système de rues et de l’ancienne logique d’occupation du sol</dyn>.</phrase>
  <phrase>Elle a provoqué <dyn nature="modif"><perc type="axiol" pol="neg">une décadence</perc> et <perc type="axiol" pol="neg">une dégradation</perc></dyn> à <lieu type="loc">Montreuil</lieu>.</phrase>
  <phrase>Il s’agissait pour moi de faire le diagnostic de cette situation et de proposer des changements afin d’arrêter et d’inverser <dyn accompli="non" nature="modif" proces="dur">ce processus de <perc type="axiol" pol="neg">dégradation</perc> et de <perc type="axiol" pol="neg">perte de caractère</perc> du <lieu type="obj">centre historique</lieu></dyn>.</phrase>
  <phrase>Ce qu’il faut, c’est chercher avec désir et avec plaisir la beauté des villes, y compris à Montreuil, même si ce n’est guère évident au premier coup d’œil en raison de la proximité de Paris qui est une merveille totale.</phrase>
  <phrase>Quand on arrive au centre de Montreuil, on assiste à un vrai désastre, une catastrophe!</phrase>
  <phrase>Mais si on se promène dans les rues qui vont du centre vers la périphérie, on découvre un autre monde: une ville avec une quantité de vert, l’intérieur des îlots ménageant de petits patios, des petits jardins, des activités diverses, de la petite industrie, des magasins… […] Il y a, sous-jacent à tout cela bien sûr, la présence des murs à pêches qui donnent ce caractère si fort à Montreuil.</phrase>
  <phrase>Ce principe systématique d’organisation du territoire constitue comme de l’ordre en vigueur partout.</phrase>
  <phrase>Même si ces murs, ou ce qu’il en reste, ne sont pas utilisables dans leur usage originel (agriculture, horticulture), ils sont là.</phrase>
  <phrase>[…] Sur une vue aérienne de Montreuil, l’influence des murs sur le tissu de la ville est frappante.</phrase>
  <phrase>Ils fonctionnent un peu comme la trame espagnole ou philippine des villes d’Amérique du Sud.</phrase>
  <phrase>C’est un élément ordonnateur de la géométrie qui influence tout ce qui se passe sur le territoire.</phrase>
  <phrase>La ville de Montreuil s’interroge beaucoup sur ces murs.</phrase>
  <phrase>Et le travail de Michel Corajoud, qui a travaillé avec moi, a été d’un apport très important pour l’étude.</phrase>
  <phrase>L’observation des faits m’a fait penser qu’il fallait, dans une certaine mesure, revenir à l’échelle de <lieu type="obj">la ville</lieu> telle qu’elle pouvait être avant <dyn><perc type="axiol" pol="neg">les grands bouleversements</perc></dyn>.</phrase>
  <phrase>Cela sans nier, bien entendu, <cause n="2"><dyn accompli="oui" nature="modif" n="1">les transformations</dyn></cause> qui ont suscité <res n="1"><dyn n="2"><perc type="axiol" pol="neg" n="2">ces bouleversements</perc></dyn></res> comme les deux grandes tours qui demeurent le fait le plus brutal dans le profil de la ville.</phrase>
  <phrase>J’ai vu qu’il y avait des rues commerçantes proches de là qui fonctionnent encore bien, malgré tout.</phrase>
  <phrase>J’ai pensé qu’il fallait s’en inspirer, refaire ces parcours qui s’interrompent à l’approche de la masse qui engonce ces tours.</phrase>
  <phrase>Les solutions consistent à intégrer toute cette réalité éparse et peut-être aussi contradictoire dans un tout, un cadre qui <dyn nature="repr" proces="iter" n="1"><perc type="autre" n="1">permette</perc> de recréer <res n="1">un rapport entre <lieu type="obj">la rue</lieu> et <lieu type="obj">les tours</lieu></res></dyn>.</phrase>
  <phrase>Il est particulièrement déroutant, par exemple, et inconfortable, qu’on ne reconnaisse pas immédiatement les accès aux tours.</phrase>
  <phrase><perc type="axiol" n="1+2">Je propose</perc> d’<dyn n="1">isoler <lieu type="obj" n="1+2">les tours</lieu></dyn>, de les <dyn n="2">libérer des volumes parasites de deux ou trois étages qui s’agrippent à elles</dyn>, donnant cette présence monstrueuse et sans rapport avec ces tours.</phrase>
  <phrase>Les isoler, c’est les voir surgir directement du sol.</phrase>
  <phrase>Cela <dyn accompli="non" nature="crea" n="1"><perc type="axiol" n="1">doit</perc> s’accompagner, <lieu type="loc" n="1">de l’autre côté de la rue</lieu>, de <lieu type="obj" n="1"><res n="1">constructions de deux ou trois étages</res></lieu></dyn> <obj n="1">afin d’<dyn accompli="non" n="2"><perc type="axiol" pol="pos" n="2">adoucir</perc> le rapport à <lieu type="obj" n="2">la ville ancienne</lieu> et <lieu type="obj" n="2">les deux tours</lieu></dyn></obj>.</phrase>
  <phrase>Dans <dyn>la division</dyn> en trois espaces, trois places, réside le véritable thème du travail.</phrase>
  <phrase>À savoir, trouver le juste équilibre entre construit et espace libre, entre vides et pleins.</phrase>
  <phrase>C’est de ce rapport, de cette complémentarité avec ce qui se passe à côté que naît le confort.</phrase>
  <phrase>Cette <dyn nature="modif" n="1">transformation de <lieu type="obj" n="1">l’espace</lieu></dyn> <lieu type="loc" n="1">auprès des tours</lieu> porte <dyn nature="modif" n="2">une transformation plus large</dyn> et je suis sûr que ce travail aura une grande force.</phrase>
  <phrase>Non en raison d’une exubérance de l’architecture, mais parce qu’elle inclut à la fois le proche et le distant dans la ville.</phrase>
  <phrase>L’étude du caractère de Montreuil et sa restitution passent par un travail sur les proportions.</phrase>
  <phrase>Ce caractère, cette échelle entre les choses, cette densité font bien souvent l’originalité de <lieu type="loc" n="1+2">la périphérie</lieu> où coexistent <dyn nature="crea" n="1">urbanisation <perc type="axiol" pol="neg" n="1">outrancière</perc></dyn> et <dyn nature="maint" n="2">persistance du <lieu type="obj" n="2">rural</lieu></dyn>.</phrase>
  <phrase>C’est très net, au moins à Montreuil.</phrase>
  <phrase>Mais je pense aussi à Lisbonne.</phrase>
  <phrase><doc>Le programme</doc> propose une quantité importante de <dyn accompli="non" nature="destr">démolitions : <lieu type="obj">tout le centre commercial</lieu>, <lieu type="obj">la station d’autobus</lieu>, <lieu type="obj">le théâtre</lieu></dyn>… <doc>Ce programme</doc> est finalement basé sur <dyn nature="destr">la démolition</dyn>.</phrase>
  <phrase>En ce qui concerne <lieu type="obj">les tours</lieu>, <perc type="axiol" pol="neg">je ne pense pas</perc> qu’il <dyn accompli="non" nature="destr"><perc type="autre">faille</perc> les démolir</dyn>, indépendamment du fait économique qui ne le permettrait pas.</phrase>
  <phrase>En fait, <perc type="axiol" pol="neg">je ne partage pas cette idée – conservatrice au fond</perc> – de <dyn nature="destr" n="1">faire disparaître <lieu type="obj" n="1">les faits de <dyn accompli="oui" nature="modif" n="2">la transformation <tps axe_temp="pas" n="2">antérieure</tps></dyn></lieu></dyn> qu’<perc type="axiol" pol="neg" n="2">on peut qualifier de regrettable</perc> et qui a occasionné un certain inconfort dans la ville.</phrase>
  <phrase>[…] Par principe, <perc type="axiol" pol="neg">je suis contre l’idée</perc> de <dyn nature="destr">démolitions de <lieu type="obj">structures existantes</lieu></dyn> bien souvent réutilisables, parce qu’<res>on nie l’histoire et une quantité de choses qui vont avec: bois, pierres, enduits – travaillés ou non, qu’importe –, une quantité de choses</res>.</phrase>
  <phrase>Parfois il est naturel d’en passer par là, mais <perc type="axiol">je trouve</perc> qu’on <dyn nature="destr">détruit</dyn> <perc type="axiol" pol="neg">beaucoup sans raison</perc>, <perc type="axiol" pol="neg">systématiquement</perc>.</phrase>
  <phrase>De la même façon, <perc type="axiol" pol="neg">je trouve tout aussi systématique et stérile</perc> <perc type="axiol" pol="neg">l’attitude quasi paranoïaque</perc> qui consiste à <dyn nature="maint"><perc type="boul">vouloir</perc> tout préserver</dyn>.</phrase>
  <phrase>Ce qui est étrange dans la vie et la culture contemporaines, c’est le constant manque d’équilibre, ces attitudes en zigzag qui passent indifféremment d’un opposé à un autre, sans souci d’inclusion.</phrase>
  <phrase>Mais la ville de Montreuil a cette conscience qu’une nouvelle attitude est à prendre.</phrase>
  <phrase>Il y a <dyn accompli="oui">quelques œuvres récentes</dyn> qui le démontent.</phrase>
  <phrase>On retrouve le respect des îlots où l’idée de la rue est présente… Mais ce sont des expériences dispersées.</phrase>
  <phrase>Ce qu’il faut, et qui est à l’origine de mon travail, c’est <dyn nature="crea">créer comme <lieu type="obj"><res>une grille</res></lieu></dyn>.</phrase>
  <phrase>À nouveau, une grille.</phrase>
  <phrase>La culture urbaine comme nécessité</phrase>
  <phrase><dyn accompli="non" nature="modif" proces="dur">La perpétuelle transformation des <lieu type="obj">villes</lieu></dyn> s’opère différemment que l’on soit <lieu type="loc">au sud de l’Europe</lieu>, <lieu type="loc">en Amérique latine</lieu> ou <lieu type="loc">en Orient</lieu>… <lieu type="obj">Les villes d’Europe du Nord</lieu> sont en phase de recherche de <dyn>leur consolidation</dyn>.</phrase>
  <phrase>L’urbaniste ne peut ignorer ces différentes situations.</phrase>
  <phrase>Cela doit faire partie de son bagage théorique qui ne peut seulement être académique.</phrase>
  <phrase>L’apprentissage des villes va au-delà.</phrase>
  <phrase>Il est fait de cette connaissance encore fraîche et grisante de la ville – surtout si ce n’est pas la nôtre – qui rend encore plus fortes les idées, les images qu’elles nous inspirent et qui soudain apparaissent.</phrase>
  <phrase>Je crois que cette attraction, cette fécondité que nous procure le travail dans les villes s’apparente à une norme.</phrase>
  <phrase>Cela est une partie du travail de l’urbaniste.</phrase>
  <phrase>S’il ignorait cela ou si sa méthode analytique sur <dyn nature="crea" n="1">le développement des <lieu type="obj" n="1">villes</lieu></dyn>, sur l’énergie qui les anime était défaillante, alors il participerait au <perc type="axiol" pol="neg" n="2+3">désordre</perc>, au <perc type="axiol" pol="neg" n="2+3">dérèglement des logiques</perc>, <dyn accompli="non" nature="modif" proces="dur" n="2">des transformations <tps n="2">en cours</tps></dyn> ou <dyn nature="abs" n="3">des persistances</dyn>.</phrase>
  <phrase>Des villes</phrase>
  <phrase>Les dix dernières années de ma vie professionnelle ont pour l’essentiel été consacrées à d’autres villes que la mienne.</phrase>
  <phrase>Des villes bien différentes.</phrase>
  <phrase>Berlin, rigoureuse et variée, les rues sévères de Kreuzberg, des bouts d’architecture d’un Mouvement moderne naissant, <dyn n="1">quelques belles œuvres exemplaires</dyn>, des usines monumentales, des jardins, des lacs et des ruines.</phrase>
  <phrase>La Haye, tirée à la règle et à l’équerre où des obstacles immergés contrarient la grille orthogonale que traversent de longues diagonales.</phrase>
  <phrase>Caserte et la chevauchée de Vanvitelli, structure horizontale au-dessus des monts et des vallées, encerclant sur des kilomètres les jardins du palais.</phrase>
  <phrase>Naples, indescriptible, le bord de mer désert des dimanches matin, quand arrive le bateau en provenance de Palerme.</phrase>
  <phrase>Salzbourg et ses cohortes de touristes âgés.</phrase>
  <phrase>Salemi, ville pour un film de Pasolini.</phrase>
  <phrase>Les longs crépuscules sur Venise où chaque monument est traité comme un détail.</phrase>
  <phrase>Macao aux très anciens carrefours.</phrase>
  <phrase>Alcoy, Séville et d’autres encore.</phrase>
  <phrase>Je lis les critiques.</phrase>
  <phrase>J’entends qu’il est étrange de ne pas retrouver à Berlin un seul de ces délicats travaux en bois, caractéristiques de mes projets passés à Macao, les fragiles îlots de maisons de Porto – mais sur quel granit?</phrase>
  <phrase>Il arrive que l’on reproche cela aux architectes étrangers qui ont travaillé avec moi.</phrase>
  <phrase>Je leur dois beaucoup au contraire, pour ce que j’ai appris, pour leur soutien inoubliable, la traduction indispensable et nécessaire de ce que je n’étais pas en mesure de comprendre immédiatement.</phrase>
  <phrase>Pour ma part, je m’étonne, qu’issus de mains étrangères, on s’intéresse peu au charme des mille nuances de gris d’un enduit, à celui de la brique noircie, aux grands murs aveugles, aux rythmes réguliers des fenêtres qui s’interrompent aux angles ou qu’alors quelque chose d’extérieur à l’architecture survienne.</phrase>
  <phrase>Patience.</phrase>
  <phrase>Il arrive que les villes qui invitent des architectes étrangers attendent d’eux le contraire de ce qui s’y fait, exorcisant ainsi les croisements culturels toujours conflictuels et féconds auxquels donne lieu le contexte de travail.</phrase>
  <phrase>Ce serait beau de fixer les synthèses que l’on devine ou que l’on suppose, d’universaliser les surprises de la lumière que le soleil du Sud permet.</phrase>
  <phrase>Mais le dessin ne concède rien de tel.</phrase>
  <phrase>Rien ne lui est possible en dehors de ce qui dans les marges bouge.</phrase>
  <phrase>Reste le plaisir élémentaire de travailler avec les meilleurs artisans du Nord, des plâtriers, des menuisiers, des maçons: ces fameux maçons qui soulèvent des linteaux de 5 mètres à l’aide de trois bâtons et qu’ils posent au-dessus des baies, en chantant une très vieille chanson, comme les bâtisseurs des pyramides en Égypte en chantaient.</phrase>
  <phrase>Reste aussi la satisfaction de travailler avec les ouvriers méticuleux de Hollande – émigrants ou non – qui assemblent les formes préfabriquées produites par l’industrie.</phrase>
  <phrase>L’architecture et les architectes perdent peu à peu cette faculté de faire et cela les affecte.</phrase>
  <phrase>Ce sont des mains qui furent d’abord les nôtres qui transforment lentement, patiemment, par-delà le dessin.</phrase>
  <phrase>À eux, je rends hommage.</phrase>
</root>
