<?xml version="1.0" ?>
<root>
  <phrase>﻿1. Le grand Pari de l'agglomération parisienne</phrase>
  <phrase>1. La consultation</phrase>
  <phrase>Présentation générale</phrase>
  <phrase>A l'occasion de l'inauguration de la Cité de l'architecture et du patrimoine, le 17 septembre 2007, Monsieur Nicolas Sarkozy, Président de la République a affirmé toute l'importance qu'il convient d'accorder à la qualité architecturale, urbaine et paysagère du cadre de vie des Français.</phrase>
  <phrase>A cette occasion, il <perc type="boul">a exprimé le souhait</perc> qu'<dyn accompli="non">un "nouveau projet d'aménagement global du <lieu type="obj">grand Paris</lieu>"</dyn> puisse faire l'objet d'<doc>une consultation internationale</doc> et mobiliser ainsi prochainement les compétences professionnelles d'<act type="pers_coll">une dizaine d'agences d'architecture et d'urbanisme</act>.</phrase>
  <phrase>Ont ainsi été précisées les orientations esquissées lors de l'inauguration du Satellite n° 3 de l'aéroport de Roissy Charles-de-Gaulle, le 26 juin 2007.</phrase>
  <phrase><doc n="1">Cette consultation internationale</doc> est <doc n="1">une consultation de Recherche et Développement (R&amp;D)</doc> « pour <dyn accompli="non" n="1"><tps axe_temp="fut" n="1">l'avenir</tps> du <lieu type="obj" n="1">Paris métropolitain</lieu></dyn> », qui se donne pour ambition de réunir les éléments de connaissance et <dyn accompli="non" n="2">les propositions stratégiques d'aménagement</dyn> conduisant effectivement à l'élaboration collective d'un “<doc n="3">diagnostic prospectif, urbanistique et paysager</doc>, sur <dyn n="3">le grand Paris</dyn> <tps axe_temp="fut" n="3">à l'horizon de vingt, trente voire quarante ans</tps> ".</phrase>
  <phrase>Engagée par l’État, cette consultation internationale est une phase indispensable de mobilisation des compétences susceptibles de procurer la matière de cette « intelligence spatiale du territoire » sans laquelle il <dyn accompli="non" nature="crea">n'y a pas de développement <perc type="axiol" pol="pos">raisonné</perc> de <lieu type="obj">la métropole contemporaine</lieu></dyn>.</phrase>
  <phrase>Elle est une étape d'expertise fondamentale qui permet au « diagnostic prospectif » d'être au carrefour de la recherche et de l'action, du scientifique et du politique.</phrase>
  <phrase>Elle doit permettre de réunir les savoirs et savoir-faire autour d'une ambition commune qui, à ce stade préliminaire, doit être largement partagée.</phrase>
  <phrase>C'est pourquoi il s'agit d'une démarche conduite par l’État qui s'effectue en concertation avec l'ensemble des collectivités territoriales concernées.</phrase>
  <phrase>Contexte de la consultation</phrase>
  <phrase>L'organisation de cette consultation internationale de R&amp;D sur <dyn accompli="non">« Le <perc type="axiol">grand pari</perc> de l'agglomération parisienne »</dyn> s'inscrit dans le cadre d'une politique scientifique existante, au sein du Programme interdisciplinaire de recherche sur “ L'architecture de la grande échelle" (AGE) conçu et mis en œuvre depuis 2006 par le ministère de la Culture et de la Communication (MCC) en partenariat avec le ministère de l'Ecologie, de l'Energie, du Développement durable et de l'Aménagement du territoire (MEEDDAT).</phrase>
  <phrase>Ce programme permet aujourd'hui de financer les travaux de recherche scientifique de huit équipes par an pendant quatre ans.</phrase>
  <phrase>Il a pour caractéristique principale de réunir, autour d'une même ambition de production de connaissances sur les territoires, les compétences triangulaires des acteurs de la recherche, de l'enseignement et de la pratique professionnelle.</phrase>
  <phrase>Il convient par ailleurs de souligner qu'une telle démarche doit être située dans le contexte immédiat des politiques gouvernementales en faveur du développement durable (<dyn n="1">Perspectives d'action issues du Grenelle de l'Environnement</dyn>) et de la recherche scientifique (<dyn n="2">Programme « Villes durables »</dyn> de <act type="pers_coll" n="2">l'Agence nationale de la recherche</act> ; <dyn n="3">Programme interdisciplinaire de recherche Ville et Environnement</dyn> du <act type="pers_coll" n="3">CNRS</act>).</phrase>
  <phrase>Il convient enfin de préciser que cette consultation est le premier volet d'<doc>un plan d'actions</doc> consacré à <dyn accompli="non" nature="crea">l’aménagement et à la gouvernance de <lieu type="obj">l'agglomération parisienne</lieu></dyn>.</phrase>
  <phrase>C'est ainsi qu'il faut comprendre que le chantier prioritaire du « diagnostic prospectif » d'aménagement de l'espace vient côtoyer le chantier de la « Gouvernance de I'lle-de-France », celui des <dyn n="1">« Grandes opérations d'urbanisme »</dyn> et celui des <dyn n="2">« Infrastructures de transports »</dyn>.</phrase>
  <phrase>Objectifs de la consultation</phrase>
  <phrase><doc>La consultation internationale</doc> sur <dyn accompli="non">« Le <perc type="axiol">grand pari</perc> de l'agglomération parisienne »</dyn> n'est pas un processus traditionnel de mise en concurrence de professionnels de la maîtrise d'œuvre pour l'obtention d'un marché, mais un dispositif de recherche collective, mobilisatrice d'une dizaine de démarches pluridisciplinaires.</phrase>
  <phrase>Plus qu'un concours d'idées, il s'agit donc d'un appel à projets de recherche et développement (R&amp;D) dont les productions seront de nature à éclairer la décision.</phrase>
  <phrase>Les objectifs de cette consultation affichent clairement la nécessité d'obtenir à l'issue d'une période de sept mois et demi de travail un ensemble cohérent de productions à la fois théoriques et pratiques, à la fois conceptuelles et opérationnelles.</phrase>
  <phrase>Il s'agit donc bien d'organiser le dispositif efficace d'une dynamique collective permettant aux dix équipes sélectionnées de produire, au sein d'ateliers de recherche, <doc n="1+2">le corpus d'une « pensée territoriale »</doc> consacrée à <dyn accompli="non" n="1"><tps axe_temp="fut" n="1">l'avenir</tps> de <lieu type="obj" n="1">la métropole du XXIe siècle</lieu></dyn> en général, et à <dyn accompli="non" n="2"><tps axe_temp="fut" n="2">l'avenir</tps> de <lieu type="obj" n="2">l'agglomération parisienne</lieu></dyn> en particulier.</phrase>
  <phrase>Parmi les ambitions de cette action incitative, il y a donc la volonté de susciter l'émergence d'une réflexion originale visant à situer le cas de l'agglomération parisienne dans le contexte du <dyn nature="crea">développement rapide <lieu type="obj">des métropoles</lieu></dyn> à l'échelle mondiale.</phrase>
  <phrase>C'est un contexte spatial car Paris est une des capitales mondiales qui ne peut pas entièrement revendiquer le statut, l'identité et la cohérence d'une métropole.</phrase>
  <phrase>Mais c'est aussi un contexte temporel car le débat sur <dyn accompli="non"><tps axe_temp="fut">l'avenir</tps> dudit <lieu type="obj">« Grand Paris»</lieu></dyn> est déjà ancien et a déjà produit de multiples réflexions et propositions.</phrase>
  <phrase>Ainsi faut-il considérer que les objectifs de cette consultation visent à fournir des orientations théoriques et des propositions pratiques capables de nourrir les réflexions relatives au processus de <dyn accompli="non" nature="crea">croissance métropolitaine de <lieu type="obj">l'agglomération parisienne</lieu></dyn>.</phrase>
  <phrase>Problématique générale de la consultation</phrase>
  <phrase>La consultation internationale de recherche et développement sur <dyn accompli="non" n="1">« Le <perc type="axiol" n="1">grand pari</perc> de l'agglomération parisienne »</dyn> fait le choix de solliciter les compétences de dix équipes pluridisciplinaires pour que <lieu type="obj" n="2">la situation spécifique de l'agglomération parisienne</lieu> <dyn accompli="non" n="2"><perc type="autre" n="2">puisse</perc> être étudiée</dyn> dans le contexte d'<dyn n="3">évolution <lieu type="obj" n="3">des grandes métropoles mondiales</lieu></dyn>.</phrase>
  <phrase>C'est ainsi que la problématique générale de cette consultation identifie deux chantiers de recherche consacrés au <dyn nature="crea">développement des <lieu type="obj">spatialités de l'aire métropolitaine</lieu></dyn>.</phrase>
  <phrase>Le premier relève plus d'une recherche fondamentale focalisée « La métropole du XXIe siècle de l'après Kyoto ».</phrase>
  <phrase>Le second relève davantage d'une recherche appliquée sur « Le diagnostic prospectif de l'agglomération parisienne ».</phrase>
  <phrase>Mais tous les deux sont précisément focalisés sur les dimensions spatiales de la ville contemporaine.</phrase>
  <phrase>Tous les deux sont destinés à produire les connaissances nécessaires à <dyn accompli="non">l'émergence d'une « pensée territoriale »</dyn> qui place la question urbaine au centre des priorités du développement durable.</phrase>
  <phrase>Tous les deux sont consacrés à l'élaboration de <dyn accompli="non">stratégies d'aménagement de <lieu type="obj">l'espace</lieu></dyn> <tps axe_temp="fut" type="dur">sur le long terme</tps> <lieu type="loc">du territoire métropolitain</lieu>.</phrase>
  <phrase>Tous les deux, enfin, sont susceptibles de nourrir les étapes successives de négociation, de concertation et de décision qui fondent de manière démocratique la gouvernance et le gouvernement des villes.</phrase>
  <phrase>Les équipes pluridisciplinaires sélectionnées ont à assumer la cohérence de ces deux chantiers complémentaires qui auront en commun une thématique de recherche.</phrase>
  <phrase>Ainsi, telle équipe peut par exemple choisir de concentrer son effort de recherche sur la question des infrastructures de transports; telle autre équipe peut de son côté choisir d'étudier plus particulièrement les problématiques du logement; une troisième peut quant à elle focaliser son énergie sur l'urbanisme universitaire.</phrase>
  <phrase>Mais en dehors de cette orientation thématique qui tend à mettre l'accent sur une des dimensions programmatiques de la ville contemporaine, toutes les équipes ont à structurer une analyse prospective appliquée à la métropole du XXIe siècle d'une part, et à l'agglomération parisienne d'autre part.</phrase>
  <phrase>Problématique générale de la consultation</phrase>
  <phrase>La métropole du XXIe siècle de l'après-Kyoto</phrase>
  <phrase>Ouvert à ratification il y a 10 ans, le protocole de Kyoto sur le réchauffement climatique mobilise les pays signataires jusqu'en 2012.</phrase>
  <phrase>Il est connu comme étant le premier calendrier chiffré qui engage la communauté internationale en faveur de l'environnement.</phrase>
  <phrase>Mais depuis 10 ans, de nouvelles connaissances et de nouvelles prises de conscience conduisent à souligner <perc type="axiol" n="1">le rôle majeur</perc> du <dyn nature="crea" n="1">développement des <lieu type="obj" n="1">métropoles</lieu></dyn> dans <dyn n="2">l'équilibre environnemental de <lieu type="obj" n="2">la planète</lieu></dyn>.</phrase>
  <phrase>Historiquement, <lieu type="obj">les métropoles</lieu> <dyn accompli="oui" nature="crea">apparaissent</dyn> <tps axe_temp="pas">au XIXe siècle</tps> à travers la figure spatiale des villes confrontées aux enjeux politiques de l'industrialisation.</phrase>
  <phrase><tps axe_temp="pas" type="dur" absolu="oui" n="1+2">Au cours du XXe siècle</tps>, elles assument plus ou moins le rôle de régulateur social et démocratique ; <dyn nature="modif" proces="progr" n="1">leur métamorphose progressive</dyn> s'exprime dans <dyn accompli="oui" nature="modif" n="2">le passage d'une ville de la production à une ville de la consommation</dyn>.</phrase>
  <phrase>Depuis, elles subissent une pression économique et démographique sans précédent qui remet en question cette échelle, cette cohérence, cette identité politique et culturelle héritée de la modernité.</phrase>
  <phrase>Aujourd'hui, la métropole du XXIe siècle se profile donc comme une « présence territoriale » dont les caractéristiques vivantes font l'objet de toutes les spéculations.</phrase>
  <phrase>Certaines sont évidemment socioéconomiques et politiques.</phrase>
  <phrase>D'autres sont plus spatiales et culturelles, nourries depuis plus d'un siècle par les sciences de la ville et l'art urbain.</phrase>
  <phrase>Elles interrogent notamment les disciplines de l'aménagement de l'espace sur la pertinence des échelles de perception, de <dyn nature="crea+modif">conception et de transformation des <lieu type="obj">territoires métropolitains</lieu></dyn>.</phrase>
  <phrase>Elles interrogent aussi <act type="pers_coll">les acteurs professionnels</act> de <dyn accompli="non" nature="modif" proces="dur">cette évolution permanente</dyn> au sujet des temporalités qui qualifient le « temps long » des <lieu type="obj">paysages urbains, suburbains et ruraux</lieu>.</phrase>
  <phrase>Mais face aux <dyn accompli="non" nature="modif">mutations <perc type="axiol" pol="neg">de plus en plus rapides et incontrôlées</perc> de <lieu type="obj">la ville territoriale</lieu></dyn>, comment faut-il repenser la fonction du modèle spatial dans les procédures de négociation entre ces multiples acteurs ? Quelles <doc>stratégies</doc> <perc type="autre">faut-il imaginer</perc> pour pouvoir <perc type="axiol">maîtriser</perc> <dyn nature="crea">le développement de ce qu'on pourrait appeler une <lieu type="obj">« métropole négociée»</lieu></dyn> ? Comment un monde abstrait façonné par les flux, les énergies et les informations peut-il participer aux représentations collectives d'une métropole humaine à l'échelle territoriale ? Et puis, faut-il raisonner en termes de stratégie programmatique, d'armature territoriale, de logique énergétique ou d'équilibre écologique ?</phrase>
  <phrase>Tel est le type de questions qui se posent lorsqu'on tente d'appréhender et d'analyser la réalité mondialisée du maillage des métropoles contemporaines.</phrase>
  <phrase>Tel est l'esprit de ce premier chantier de la consultation qui exige, non seulement de construire un objet de recherche pertinent par rapport à la problématique générale, mais aussi d'adopter une méthode efficace et des modes de représentation originaux, souvent expérimentaux, correspondant au positionnement théorique de chaque équipe pluridisciplinaire.</phrase>
  <phrase>Car c'est à partir de cette méthode (atlas, scénarios, fictions, récits...) que la vertu didactique des productions de recherche sera garantie.</phrase>
  <phrase>Pour cette <dyn>analyse prospective de <lieu type="obj">« La métropole du XXIe siècle de l'après-Kyoto »</lieu></dyn>, il convient donc de comprendre les enjeux d'une correcte adéquation entre les approches conceptuelles et leurs représentations matérielles en assumant, le cas échéant, que les représentations soient elles-mêmes l'objet du travail de recherche.</phrase>
  <phrase>Problématique générale de la consultation</phrase>
  <phrase>Le diagnostic prospectif de l'agglomération parisienne</phrase>
  <phrase>Le débat public s'est récemment emparé de cette question dite « du <dyn>Grand Paris</dyn> » qui se pose en réalité depuis près d'un siècle, et qui semble jusqu'à présent n'avoir pas su trouver une réponse satisfaisante.</phrase>
  <phrase>Dans la compétition des villes de rang mondial, Paris occupe une place respectable qui souffre néanmoins d'un déficit chronique lié à son périmètre et à sa gouvernance.</phrase>
  <phrase>Sur cette interrogation fondamentale comme sur tant d'autres sous-jacentes, il existe une littérature déjà abondante qui doit nourrir la réflexion de chacun.</phrase>
  <phrase>Mais il convient aussi que ce débat public puisse être alimenté par le résultat des travaux de recherche en cours ou à venir.</phrase>
  <phrase>A la lumière des réflexions et productions élaborées dans le cadre du chantier sur « La métropole du XXe siècle de l'après Kyoto », il s'agit ici d'appréhender le cas de l'agglomération parisienne.</phrase>
  <phrase>Il est sans doute vrai que, dans le contexte de la concurrence internationale des métropoles, l'échelle de la « région urbaine » paraît être la plus appropriée pour une approche globale des problématiques urbaines de Paris.</phrase>
  <phrase>A l'instar de certaines métropoles européennes telles que Berlin (<dyn n="1">« le Grand Berlin »</dyn>), Londres (<dyn n="2">« le Grand Londres »</dyn>) ou Madrid, <lieu type="obj" n="3">l'identité de la « région capitale » de la France</lieu> <dyn accompli="non" n="3"><perc type="autre" n="3">doit</perc> être en de nombreux points réévaluée</dyn>. Quels sont donc les critères opératoires de comparaison permettant de situer Paris dans le paysage des « villes mondiales » ? <perc type="autre">Comment faut-il penser</perc> <dyn accompli="non">l'évolution spatiale du <lieu type="obj">territoire occupé et du paysage habité de la région Ile-de France</lieu></dyn>? Comment négocier l'écart des deux millions de Parisiens dans les 105 km2 de leur ville avec les neuf autres millions de Franciliens dans les 12 000 km2 de leur région ? Quel <lieu type="obj">périmètre</lieu> <dyn accompli="non" nature="repr" proces="iter">réinventer</dyn> ?</phrase>
  <phrase><dyn accompli="non">Le projet spatial du <lieu type="obj">« Paris métropolitain »</lieu></dyn> est de nature géographique.</phrase>
  <phrase>Il pose la question du type de gouvernance qui serait capable de porter à son plus haut d'efficacité la gestion et l'anticipation des problèmes sociaux, économiques et environnementaux à venir.</phrase>
  <phrase>Quelle est ainsi l'adéquation entre le modèle spatial et le modèle de gouvernance dont l'échelle dépasse et intègre les limites actuelles de toutes sortes (économiques, politiques, sociales...) ? <perc type="axiol">Comment</perc> <dyn accompli="non" nature="crea">concevoir les dispositifs spatiaux</dyn> susceptibles d'intégrer les contraintes de flux, de mobilité et de peuplement ? Comment aborder les problèmes urgents de la pollution et des énergies qui affectent l'agglomération parisienne comme toutes les autres agglomérations urbaines ?</phrase>
  <phrase>Le second chantier de cette consultation suggère que les équipes pluridisciplinaires puissent approfondir certaines des investigations théoriques déjà engagées en les adaptant au cas de l'agglomération parisienne.</phrase>
  <phrase>Il est prévu notamment que la dominante thématique appréhendée dans l'étude sur « La métropole du XXle siècle de l'après Kyoto » par chaque équipe puisse trouver résonance dans <dyn accompli="non" nature="crea">les propositions stratégiques d'aménagement de <lieu type="obj">l'espace</lieu></dyn> pour <lieu type="loc">l'agglomération parisienne</lieu>.</phrase>
  <phrase>Les équipes prendront soin notamment de quantifier, de qualifier, de situer et de représenter les orientations du « diagnostic prospectif ».</phrase>
  <phrase>Eu égard aux qualités particulières de Paris qui associent l'ambition des projets économiques avec une forte valeur patrimoniale, les propositions devront également souligner tout ce qui fait que <dyn accompli="non" n="1"><lieu type="obj" n="1">ce territoire</lieu> <tps axe_temp="fut" n="1">en devenir</tps></dyn> ne peut pas être confondu avec un autre, que <dyn accompli="non" n="2"><lieu type="obj" n="2">cette métropole</lieu> <tps axe_temp="fut" n="2">à venir</tps></dyn> ne peut pas être assimilée à une autre, et que les qualités de nature et de culture qui sont ici exprimées ne le sont peut-être pas ailleurs.</phrase>
</root>
